index ;typed ident;       identifier        ;typ;       coord1 (ICRS,J2000/2000)        ;Mag U ;Mag B ;Mag V ;Mag R ;Mag I ;  spec. type   ;#bib;#not
1  ;AB CAM     ;V* AB Cam                ;cC*;03 46 08.2526800242 +58 47 03.203658189;     ~;13.08 ;     ~;     ~;     ~;F3Ibp          ;  42;   0
2  ;AA SER     ;V* AA Ser                ;cC*;18 41 21.7624827648 -01 06 40.403194219;     ~;14.54 ;     ~;     ~; 9.572;K5             ;  47;   0
3  ;AA NOR     ;V* AA Nor                ;Ce*;15 49 26.1747871522 -57 39 43.967531342;     ~;14.30 ;     ~;     ~;     ~;~              ;  15;   0
4  ;AA MON     ;V* AA Mon                ;cC*;06 57 23.7697363710 -03 50 36.026136186;     ~;14.07 ;     ~;     ~;     ~;~              ;  41;   0
5  ;AA GEM     ;V* AA Gem                ;cC*;06 06 34.9459286635 +26 19 45.205210801;     ~;11.0  ; 9.91 ;     ~; 8.540;K0             ; 104;   0
6  ;AD CRU     ;V* AD Cru                ;cC*;12 12 59.6676390921 -62 05 48.571902831;     ~;12.19 ;11.07 ;     ~;     ~;~              ;  55;   0
7  ;AD CAM     ;V* AD Cam                ;cC*;03 29 25.9693397357 +60 26 47.271990543;     ~;14.16 ;     ~;     ~;     ~;~              ;  42;   0
8  ;AC MON     ;V* AC Mon                ;cC*;07 00 59.8200989695 -08 42 32.367780933;     ~;11.37 ;10.29 ;     ~;     ~;F5             ;  68;   0
9  ;AC CAM     ;V* AC Cam                ;cC*;03 23 47.8832831571 +59 21 20.417989420;     ~;14.14 ;     ~;     ~;     ~;~              ;  25;   0
10 ;AB VEL     ;V* AB Vel                ;cC*;10 19 52.1088999483 -56 18 35.235308340;     ~;     ~;     ~;     ~;     ~;~              ;  12;   0
11 ;AE VEL     ;V* AE Vel                ;cC*;09 36 51.4663512450 -53 01 58.066349829;     ~;11.5  ;10.4  ;     ~; 8.734;~              ;  53;   0
12 ;AE TAU     ;V* AE Tau                ;Ce*;05 34 36.6541381556 +26 12 08.666018880;     ~;     ~;     ~;     ~;     ~;~              ;  36;   0
13 ;AD PUP     ;V* AD Pup                ;cC*;07 48 03.8513966553 -25 34 40.023144556;     ~;10.81 ; 9.99 ;     ~;     ~;F8             ;  85;   0
14 ;AG CRU     ;V* AG Cru                ;cC*;12 41 26.0296377255 -59 47 39.039228681; 8.92 ; 9.050; 8.265;     ~; 7.356;F8Ib/II        ; 109;   0
15 ;AI CMA     ;V* AI CMa                ;Ce*;07 16 40.2646455227 -24 30 10.838613987;     ~;     ~;     ~;     ~;     ~;~              ;   9;   0
16 ;AH VEL     ;V* AH Vel                ;cC*;08 11 59.9670207132 -46 38 39.656138625;     ~; 6.35 ; 5.76 ;     ~;     ~;F7Ib/II        ; 154;   0
17 ;AO AUR     ;V* AO Aur                ;cC*;05 47 45.0529654365 +32 00 52.719751503;     ~;11.33 ;10.44 ;     ~;     ~;F5             ;  40;   0
18 ;AN AUR     ;V* AN Aur                ;cC*;04 59 41.5377308459 +40 50 09.727398522;     ~;11.35 ;10.21 ;     ~;     ~;F6             ;  88;   0
19 ;AM VEL     ;V* AM Vel                ;Ce*;08 35 37.1226594502 -47 45 33.636679221;     ~;     ~;     ~;     ~;     ~;~              ;  12;   0
20 ;AM CMA     ;V* AM CMa                ;Ce*;07 22 47.7800714423 -26 42 52.419408609;     ~;     ~;     ~;     ~;     ~;~              ;   7;   0
21 ;AM CAM     ;V* AM Cam                ;Ce*;03 36 20.1465812404 +62 17 14.009644358;     ~;     ~;     ~;     ~;     ~;~              ;  25;   0
22 ;ALPHA UMI  ;* alf UMi                ;cC*;02 31 49.09456 +89 15 50.7923          ; 3.00 ; 2.62 ; 2.02 ; 1.53 ; 1.22 ;F8Ib           ; 601;   2
23 ;AL VIR     ;V* AL Vir                ;WV*;14 11 09.0462360303 -13 18 38.439701066;     ~;10.13 ; 9.10 ;     ~;     ~;F3/5III        ;  76;   0
24 ;AL LYR     ;V* AL Lyr                ;WV*;19 19 29.6171248937 +27 33 44.444924929;     ~;12.95 ;11.98 ;     ~;     ~;~              ;  21;   0
25 ;AL CRA     ;V* AL CrA                ;WV*;18 15 11.5077183771 -37 06 51.911406409;     ~;12.25 ;     ~;     ~;     ~;~              ;  11;   0
26 ;AL CMA     ;V* AL CMa                ;Ce*;07 21 45.1543933037 -26 32 00.286721510;     ~;     ~;     ~;     ~;     ~;~              ;   7;   0
27 ;AP PUP     ;V* AP Pup                ;cC*;07 57 45.6728882268 -40 07 24.079693723;     ~; 8.13 ; 7.37 ;     ~; 6.462;F8II           ; 106;   0
28 ;AP HER     ;V* AP Her                ;WV*;18 50 27.7291586911 +15 56 24.668336434;12.09 ;11.33 ;10.87 ;     ~;     ~;F2Ib/II        ;  56;   0
29 ;AP CAS     ;V* AP Cas                ;cC*;00 33 16.1982645219 +62 54 26.147732136;     ~;12.68 ;11.52 ;     ~;     ~;F7.5Ib         ;  50;   0
30 ;AO PUP     ;V* AO Pup                ;Mi*;07 55 36.3279536131 -39 36 22.671507027;     ~;     ~;     ~;     ~;     ~;M10            ;  17;   1
31 ;AO CMA     ;V* AO CMa                ;cC*;07 24 40.5915853513 -26 11 18.607881826;     ~;     ~;     ~;     ~;     ~;~              ;  22;   0
32 ;AP SGR     ;* 12 Sgr                 ;cC*;18 13 02.4957702081 -23 07 02.200799106; 8.06 ; 7.48 ; 6.59 ;     ~; 6.057;F7/8Ib/II      ; 168;   0
33 ;AQ CAR     ;V* AQ Car                ;cC*;10 21 22.9755883634 -61 04 26.734361226;     ~; 9.73 ; 8.84 ;     ~;     ~;F8/G0Ib        ;  92;   0
34 ;AP VEL     ;V* AP Vel                ;Ce*;08 39 45.7558657365 -43 51 39.161994779;     ~;11.17 ;10.16 ;     ~;     ~;F9             ;  84;   0
35 ;AS AUR     ;V* AS Aur                ;cC*;06 05 24.4363616968 +28 47 22.937206472;     ~;12.34 ;11.75 ;     ~;     ~;F6             ;  20;   0
36 ;AQ PUP     ;V* AQ Pup                ;cC*;07 58 22.0887170720 -29 07 48.335325928;     ~; 9.70 ; 8.54 ;     ~; 7.175;F5-G2Ib        ; 168;   0
37 ;AS CAS     ;V* AS Cas                ;Ce*;00 25 37.7348316765 +64 13 47.616630699;     ~;     ~;     ~;     ~;     ~;~              ;  41;   0
38 ;AS VUL     ;V* AS Vul                ;cC*;19 47 44.4705838062 +27 55 05.704402690;     ~;14.13 ;     ~;     ~;     ~;~              ;  30;   0
39 ;AS PER     ;V* AS Per                ;cC*;04 19 46.8581718451 +48 57 11.778174280;     ~;10.94 ; 9.71 ;     ~; 8.103;F8             ;  73;   0
40 ;AS MUS     ;V* AS Mus                ;Ce*;13 44 40.1523702466 -68 28 34.756050284;     ~;     ~;     ~;     ~;     ~;~              ;   8;   0
41 ;AU PEG     ;V* AU Peg                ;WV*;21 24 00.2422967380 +18 16 43.776787622;     ~;10.03 ; 9.18 ;     ~;     ~;F8             ;  86;   0
42 ;AU CAS     ;V* AU Cas                ;RR*;00 55 12.9327734442 +64 15 38.708734491;     ~;     ~;     ~;     ~;     ~;~              ;   5;   0
43 ;AT PUP     ;V* AT Pup                ;cC*;08 12 22.4032077457 -36 56 37.530066706;     ~; 8.83 ; 8.07 ;     ~; 7.085;F5             ; 111;   0
44 ;AW CAS     ;V* AW Cas                ;cC*;01 16 01.2048012369 +61 37 14.550766464;     ~;13.52 ;     ~;     ~;10.321;~              ;  26;   0
45 ;AV TAU     ;V* AV Tau                ;cC*;05 45 44.9162366630 +27 04 04.459560907;     ~;13.70 ;     ~;     ~;     ~;~              ;  33;   0
46 ;AV SGR     ;V* AV Sgr                ;cC*;18 04 48.7864032131 -22 43 56.645836757;     ~;13.39 ;     ~;     ~;10.595;~              ;  54;   0
47 ;AV CIR     ;V* AV Cir                ;cC*;14 50 30.2962544130 -67 29 51.440008848;     ~; 8.29 ; 7.44 ;     ~; 6.358;F7II           ;  58;   0
48 ;AX AUR     ;V* AX Aur                ;cC*;05 46 50.8150368229 +31 35 52.507874209;     ~;13.54 ;     ~;     ~;     ~;~              ;  32;   0
49 ;AY SGR     ;V* AY Sgr                ;cC*;18 23 19.1499153698 -18 34 29.191214517;     ~;11.99 ;10.49 ; 9.62 ; 9.052;F6             ;  65;   0
50 ;AY CEN     ;V* AY Cen                ;cC*;11 25 05.7551886199 -60 44 04.634150361;     ~; 9.74 ; 8.81 ;     ~; 7.700;K0             ;  68;   0
51 ;AY CAS     ;V* AY Cas                ;cC*;01 38 59.9866360517 +64 59 21.264575829;     ~;12.37 ;11.40 ;     ~;     ~;~              ;  34;   0
52 ;AX VEL     ;V* AX Vel                ;Ce*;08 10 49.3237950601 -47 41 54.827371638;     ~; 8.78 ; 8.16 ;     ~;     ~;F6II           ; 109;   0
53 ;AX CIR     ;* 26 Cir                 ;cC*;14 52 35.2532439095 -63 48 35.417176347;     ~; 6.66 ; 5.96 ;     ~; 4.993;F8II           ; 118;   0
54 ;AZ CEN     ;V* AZ Cen                ;cC*;11 25 12.9848514794 -61 22 08.966547260;     ~; 9.22 ; 8.41 ;     ~; 7.858;F7V            ; 114;   0
55 ;BB HER     ;V* BB Her                ;cC*;18 45 54.1034570780 +12 20 10.110074314;     ~;11.1  ;10.02 ;     ~;     ~;G5             ;  76;   0
56 ;BB GEM     ;V* BB Gem                ;cC*;06 34 35.2938235569 +13 04 44.707699381;     ~;11.85 ;11.16 ;     ~;     ~;~              ;  58;   0
57 ;BB CEN     ;V* BB Cen                ;cC*;11 53 33.5381874923 -62 51 07.918624397;     ~;10.99 ;10.11 ;     ~;     ~;F5             ;  66;   0
58 ;BE CRA     ;V* BE CrA                ;WV*;18 54 54.0368094591 -40 23 15.273008923;     ~;     ~;     ~;     ~;     ~;~              ;   6;   0
59 ;BD PUP     ;V* BD Pup                ;cC*;07 30 38.7011427096 -24 41 15.085659989;     ~;     ~;     ~;     ~;     ~;~              ;  12;   0
60 ;BD CAS     ;V* BD Cas                ;WV*;00 09 51.3936043056 +61 30 50.546759498;     ~;12.38 ;11.22 ;     ~;     ~;~              ;  49;   0
61 ;BC PUP     ;V* BC Pup                ;cC*;07 30 02.5526306676 -23 40 26.364259329;     ~;     ~;     ~;     ~;     ~;~              ;  20;   0
62 ;BC CMA     ;V* BC CMa                ;Ce*;07 21 07.4472849820 -21 30 38.177235762;     ~;     ~;     ~;     ~;     ~;~              ;  12;   0
63 ;BC AQL     ;V* BC Aql                ;Ce*;19 17 24.1568730564 -09 04 51.591727775;     ~;     ~;     ~;     ~;     ~;~              ;  20;   0
64 ;BB SGR     ;V* BB Sgr                ;cC*;18 50 59.8730479535 -20 17 42.828317888; 8.07 ; 7.53 ; 6.69 ;     ~; 5.824;G0Ib           ; 226;   0
65 ;BE TUC     ;V* BE Tuc                ;cC*;01 16 58.20 -73 43 10.6                ;     ~;15.54 ;14.079;     ~;13.056;~              ;  20;   0
66 ;BE MON     ;V* BE Mon                ;cC*;06 40 05.5823302469 +07 36 20.987932485;     ~;11.6  ;10.5  ;     ~;     ~;G5             ;  70;   0
67 ;BF CAS     ;V* BF Cas                ;cC*;00 14 03.2291025094 +60 59 10.554361039;     ~;13.74 ;     ~;     ~;     ~;~              ;  29;   0
68 ;BF TUC     ;V* BF Tuc                ;cC*;01 17 52.9975933947 -73 37 25.153275568;14.94 ;14.51 ;13.72 ;     ~;12.89 ;F0             ;  32;   0
69 ;BF OPH     ;V* BF Oph                ;cC*;17 06 05.4979763004 -26 34 50.031704299; 8.00 ; 7.61 ; 6.93 ;     ~; 6.377;G0II           ; 197;   0
70 ;BG CRU     ;* 35 Cru                 ;cC*;12 31 40.3301092383 -59 25 26.122369782; 6.60 ; 6.19 ; 5.53 ;     ~;     ~;F7Ib/II        ; 120;   0
71 ;BH VEL     ;V* BH Vel                ;cC*;08 29 48.5118431756 -41 13 25.656107773;     ~;     ~;     ~;     ~;     ~;~              ;  12;   0
72 ;BH TUC     ;V* BH Tuc                ;cC*;01 20 07.7206975647 -72 54 18.592610046;     ~;13.50 ;14.199;     ~;13.315;~              ;   7;   0
73 ;BH OPH     ;V* BH Oph                ;WV*;18 15 50.5427009075 +12 05 44.082950227;     ~;12.29 ;11.84 ;     ~;     ~;F7.2e          ;  25;   0
74 ;BG VEL     ;V* BG Vel                ;cC*;09 08 15.7486417373 -51 26 10.604860930;     ~; 8.82 ; 7.69 ;     ~; 6.337;F7/8II         ;  97;   0
75 ;BM PUP     ;V* BM Pup                ;cC*;07 50 03.1260632218 -28 15 18.566643478;     ~;11.93 ;10.83 ;     ~;     ~;~              ;  31;   0
76 ;BM PER     ;V* BM Per                ;cC*;04 29 39.3888285450 +48 25 19.102535927;     ~;11.56 ;10.06 ;     ~;     ~;K5             ;  59;   0
77 ;BL HER     ;V* BL Her                ;WV*;18 01 09.2241552984 +19 14 56.695123489;     ~;10.54 ; 9.70 ;     ~;     ~;F0             ; 153;   0
78 ;BK CEN     ;V* BK Cen                ;Ce*;11 49 16.0151170413 -63 04 42.903648391;     ~;11.04 ;10.19 ;     ~;     ~;G5             ;  84;   0
79 ;BQ CRA     ;V* BQ CrA                ;WV*;18 37 01.3851614841 -38 04 34.512323693;     ~;     ~;     ~;     ~;     ~;~              ;  10;   0
80 ;BP CIR     ;V* BP Cir                ;cC*;14 46 41.9801089174 -61 27 42.990284227;     ~; 8.12 ; 7.52 ;     ~;     ~;F2/3II+B6V     ;  72;   0
81 ;BP CAS     ;V* BP Cas                ;cC*;01 15 01.0945574477 +65 35 57.855518876;     ~;11.90 ;10.80 ;     ~;     ~;F6             ;  60;   0
82 ;BN PUP     ;V* BN Pup                ;cC*;08 06 21.4748690781 -30 05 48.768197196;     ~;10.99 ; 9.75 ; 8.97 ; 8.981;G4             ;  99;   1
83 ;BQ VEL     ;V* BQ Vel                ;Ce*;08 22 06.4975386143 -47 18 14.246894029;     ~;     ~;     ~;     ~;     ~;~              ;   7;   0
84 ;BQ SER     ;V* BQ Ser                ;Ce*;18 36 15.9376665154 +04 23 53.692279873;     ~;10.49 ; 9.21 ;     ~;     ~;F5III          ;  94;   0
85 ;BX SCT     ;V* BX Sct                ;cC*;18 50 09.2370270825 -04 22 05.210846612;     ~;14.23 ;     ~;     ~; 9.723;F6             ;  41;   0
86 ;BX DEL     ;V* BX Del                ;WV*;20 21 18.9700344808 +18 26 16.297382039;     ~;12.35 ;11.99 ;     ~;     ~;F5             ;  39;   0
87 ;BX CRU     ;V* BX Cru                ;cC*;12 50 38.6284674866 -63 04 34.405987502;     ~;     ~;     ~;     ~;     ~;~              ;   9;   0
88 ;BW GEM     ;V* BW Gem                ;cC*;06 15 59.8873886298 +23 44 50.972092141;     ~;13.18 ;12.01 ;11.66 ;     ~;~              ;  24;   0
89 ;BV MON     ;V* BV Mon                ;cC*;06 56 51.0856174304 +04 30 58.275526470;     ~;12.44 ;11.38 ;     ~;     ~;~              ;  35;   0
90 ;BV CAS     ;V* BV Cas                ;cC*;01 30 01.1847554689 +62 17 02.651229337;     ~;14.01 ;     ~;     ~;     ~;~              ;  23;   0
91 ;CD CAS     ;V* CD Cas                ;cC*;23 45 02.6274815930 +63 00 13.868911777;     ~;11.62 ;10.64 ;     ~;     ~;F6-G5          ;  59;   0
92 ;CC LYR     ;V* CC Lyr                ;WV*;18 33 57.4124417680 +31 38 24.187628709;     ~;12.98 ;12.46 ;     ~;     ~;hF4mA:CH+1     ;  42;   0
93 ;CC CAR     ;V* CC Car                ;cC*;10 54 26.8640503192 -61 20 49.583642593;     ~;12.76 ;11.65 ;     ~;     ~;~              ;  26;   0
94 ;BZ TUC     ;V* BZ Tuc                ;cC*;00 41 43.4484060953 -73 43 23.886984060;     ~;12.52 ;11.68 ;     ~;10.911;F8Ib           ;  65;   0
95 ;BZ CYG     ;V* BZ Cyg                ;cC*;20 45 59.7977146402 +45 18 25.046168919;     ~;11.8  ;10.2  ;     ~; 8.331;F7Ib-G4Ib:     ;  87;   0
96 ;BY CMA     ;V* BY CMa                ;Ce*;07 26 29.4310921915 -27 55 30.113136601;     ~;     ~;     ~;     ~;     ~;~              ;   7;   0
97 ;BY CAS     ;V* BY Cas                ;cC*;01 47 11.9193204766 +61 25 20.952299938;     ~;11.5  ;10.369;     ~;     ~;F5             ; 110;   0
98 ;CF CAR     ;V* CF Car                ;cC*;10 59 04.9163105601 -60 16 43.863055379;     ~;     ~;     ~;     ~;     ~;~              ;  15;   0
99 ;CE PUP     ;V* CE Pup                ;cC*;08 14 08.0391488919 -42 34 05.358820198;     ~;     ~;     ~;     ~;     ~;~              ;  31;   0
100;CG CAS     ;V* CG Cas                ;cC*;00 00 59.2384113995 +60 57 32.432020899;     ~;12.70 ;11.28 ;     ~;     ~;F5             ;  78;   0
101;CK SCT     ;V* CK Sct                ;cC*;18 41 00.6632019519 -06 05 50.009798102;     ~;12.59 ;10.72 ;     ~;     ~;G              ;  62;   0
102;CK PUP     ;V* CK Pup                ;Ce*;07 27 18.8849423184 -25 47 07.304816896;     ~;     ~;     ~;     ~;     ~;~              ;  19;   0
103;CK CAM     ;V* CK Cam                ;cC*;05 06 31.6431013079 +55 21 12.703126896;     ~; 8.56 ; 7.59 ;     ~;     ~;G5             ;  44;   0
104;CI PER     ;V* CI Per                ;Ce*;02 05 02.1930515775 +57 08 34.562804941;     ~;     ~;     ~;     ~;     ~;~              ;  27;   0
105;CH CAS     ;V* CH Cas                ;cC*;23 22 28.4387974362 +62 45 25.740906878;     ~;12.57 ;10.79 ;     ~;     ~;F3Ibp          ;  60;   0
106;CN TAU     ;V* CN Tau                ;cC*;05 58 09.4169154510 +28 02 33.497032752;     ~;     ~;     ~;12.32 ;     ~;~              ;  12;   0
107;CN SCT     ;V* CN Sct                ;cC*;18 42 30.4903731576 -04 19 50.353845403;     ~;14.58 ;     ~;     ~;     ~;~              ;  37;   0
108;CN LYR     ;V* CN Lyr                ;RR*;18 41 15.9455510880 +28 43 21.180262324;     ~;11.93 ;11.38 ;     ~;     ~;F5             ;  75;   0
109;CN CMA     ;V* CN CMa                ;WV*;07 09 34.5840353515 -18 33 47.853576246;     ~;     ~;     ~;     ~;     ~;~              ;  12;   0
110;CN CEP     ;V* CN Cep                ;cC*;23 25 34.7917448230 +64 47 25.501540655;     ~;14.18 ;     ~;     ~;     ~;~              ;  29;   0
111;CN CAR     ;V* CN Car                ;cC*;10 15 32.8660303371 -58 10 28.017093664;     ~;11.77 ;10.74 ;     ~; 9.350;~              ;  55;   0
112;CM SCT     ;V* CM Sct                ;cC*;18 42 26.8208730944 -05 20 27.045721232;     ~;11.93 ;10.93 ;     ~; 9.406;~              ;  66;   0
113;CM PUP     ;V* CM Pup                ;cC*;07 30 42.3886209277 -20 27 07.173504486;     ~;     ~;     ~;     ~;     ~;~              ;   6;   0
114;CO VEL     ;V* CO Vel                ;cC*;08 29 41.3139621287 -40 20 02.031314935;     ~;     ~;     ~;     ~;     ~;~              ;   9;   0
115;CO PUP     ;V* CO Pup                ;WV*;08 26 11.9558350867 -30 17 08.328985204;     ~;11.86 ;10.74 ;     ~;     ~;~              ;  22;   0
116;CO AUR     ;V* CO Aur                ;cC*;06 00 28.5064814052 +35 18 43.856781674;     ~; 8.34 ; 7.73 ;     ~;     ~;F5Ib           ;  83;   0
117;CR CEP     ;V* CR Cep                ;cC*;22 46 24.7705225443 +59 26 31.922218882;     ~;10.94 ; 9.64 ;     ~; 7.931;G0             ;  78;   0
118;CR CAR     ;V* CR Car                ;cC*;10 32 54.0752677019 -58 31 15.630051141;     ~;12.85 ;     ~;     ~;     ~;~              ;  41;   0
119;CQ SCO     ;V* CQ Sco                ;WV*;17 49 54.9246014937 -40 19 53.150014721;     ~;13.16 ;     ~;     ~;     ~;~              ;  15;   0
120;CQ CAR     ;V* CQ Car                ;cC*;10 31 20.1091256356 -59 58 48.066085313;     ~;     ~;     ~;     ~;     ~;~              ;  18;   0
121;CP VEL     ;V* CP Vel                ;cC*;08 48 10.4790181516 -48 39 33.006518529;     ~;14.35 ;     ~;     ~;10.757;~              ;  23;   0
122;CP CMA     ;V* CP CMa                ;Ce*;07 14 54.3521616739 -22 14 09.127166332;     ~;     ~;     ~;     ~;     ~;~              ;   8;   0
123;CP CEP     ;V* CP Cep                ;cC*;21 57 52.6912818654 +56 09 50.038775828;     ~;12.29 ;10.58 ;     ~; 8.788;F5Ib           ;  88;   0
124;CS VEL     ;V* CS Vel                ;cC*;09 41 10.2609558071 -53 48 57.782655270;     ~;12.46 ;11.24 ;     ~;10.078;~              ;  88;   0
125;CS ORI     ;V* CS Ori                ;cC*;06 07 25.4652004933 +11 09 07.113683832;     ~;11.96 ;11.29 ;     ~;     ~;F5             ;  65;   0
126;CS MON     ;V* CS Mon                ;Ce*;06 32 10.9439913787 +06 39 11.029554207;     ~;12.24 ;11.25 ;10.78 ;     ~;~              ;  45;   0
127;CS CAS     ;V* CS Cas                ;WV*;23 50 14.2576911311 +51 23 58.766365558;     ~;12.02 ;     ~;     ~;     ~;~              ;  24;   0
128;CS CAR     ;V* CS Car                ;cC*;10 34 37.1812228569 -58 01 22.527365102;     ~;     ~;     ~;     ~;     ~;~              ;  17;   0
129;CR SER     ;V* CR Ser                ;cC*;18 10 02.1321123582 -13 32 45.475786862;     ~;12.90 ;10.84 ;     ~;     ~;G5             ;  57;   0
130;CR ORI     ;V* CR Ori                ;cC*;06 05 44.7233260757 +13 14 23.957029410;     ~;12.97 ;     ~;     ~;     ~;F7             ;  40;   0
131;CY CAR     ;V* CY Car                ;cC*;10 57 50.6716926008 -60 44 31.523323540;     ~;10.67 ; 9.89 ;     ~;     ~;G0             ;  54;   0
132;CY AUR     ;V* CY Aur                ;cC*;04 57 40.0807277112 +46 05 33.112390660;     ~;13.44 ;     ~;     ~;     ~;~              ;  42;   0
133;CX VEL     ;V* CX Vel                ;cC*;09 06 38.0991298313 -52 21 26.879277717;     ~;     ~;     ~;     ~; 9.631;~              ;  31;   0
134;CV ORI     ;V* CV Ori                ;cC*;06 12 21.9626569693 +13 38 11.751408638;     ~;     ~;     ~;     ~;     ~;~              ;   8;   0
135;CU ORI     ;V* CU Ori                ;cC*;06 11 25.1264364427 +11 48 00.136456884;     ~;     ~;     ~;     ~;     ~;~              ;  10;   0
136;CU MON     ;V* CU Mon                ;cC*;06 32 46.7955605374 +00 02 35.316926303;     ~;15.02 ;     ~;     ~;     ~;~              ;  42;   0
137;CT CAS     ;V* CT Cas                ;cC*;00 20 03.0752406462 +63 10 47.253825532;     ~;13.58 ;     ~;     ~;     ~;~              ;  20;   0
138;CT CAR     ;V* CT Car                ;cC*;10 36 55.7698529186 -61 34 52.769994708;     ~;12.87 ;11.55 ;10.73 ;     ~;~              ;  46;   0
139;DD VEL     ;V* DD Vel                ;WV*;09 12 09.6340277622 -50 22 33.612960439;     ~;     ~;     ~;     ~;     ~;~              ;  29;   0
140;DD CAS     ;V* DD Cas                ;cC*;23 57 34.9599200756 +62 43 05.683891313;     ~;10.95 ; 9.84 ;     ~; 8.516;F7             ; 107;   0
141;CZ CAS     ;V* CZ Cas                ;cC*;23 39 27.2938407471 +62 22 19.706069429;     ~;13.18 ;     ~;     ~;10.083;F6             ;  37;   0
142;CY VEL     ;V* CY Vel                ;WV*;09 08 24.1490941473 -53 29 40.534479194;     ~;     ~;     ~;     ~;     ~;~              ;   6;   0
143;CY CAS     ;V* CY Cas                ;cC*;23 29 12.7619630267 +63 22 27.487447379;     ~;13.48 ;11.67 ;     ~; 9.627;G1-2Ib         ;  58;   0
144;DG VUL     ;V* DG Vul                ;Ce*;19 58 40.1683185429 +27 41 01.269877569;     ~;13.08 ;11.52 ;     ~;     ~;~              ;  36;   0
145;DG SGE     ;V* DG Sge                ;cC*;19 40 35.1191163569 +19 17 08.085309596;     ~;15.15 ;     ~;     ~;     ~;~              ;  21;   0
146;DF ORI     ;V* DF Ori                ;cC*;06 24 04.1463108821 +11 42 31.815411010;     ~;     ~;     ~;     ~;     ~;~              ;  21;   0
147;DF LAC     ;V* DF Lac                ;cC*;22 21 16.7933621316 +54 31 55.401807719;     ~;13.08 ;     ~;     ~;     ~;F6Ibp          ;  29;   0
148;DF CAS     ;V* DF Cas                ;cC*;02 44 43.3152895263 +61 27 52.921298633;     ~;11.80 ;10.74 ;     ~;     ~;F8             ;  64;   0
149;DK VEL     ;V* DK Vel                ;cC*;09 17 16.7189324814 -53 05 05.505768437;     ~;11.49 ;10.72 ;     ~;     ~;~              ;  26;   0
150;DT CAS     ;V* DT Cas                ;cC*;23 34 59.6175261046 +59 21 29.368559844;     ~;14.15 ;     ~;     ~;     ~;~              ;   6;   0
151;DR VEL     ;V* DR Vel                ;cC*;09 31 40.9750564992 -49 39 18.019202295;     ~;10.50 ; 9.25 ;     ~;     ~;~              ;  67;   0
152;DR CEP     ;V* DR Cep                ;cC*;20 49 05.5865373175 +58 53 57.165338755;     ~;     ~;     ~;     ~;     ~;F5p            ;  28;   0
153;DP VEL     ;V* DP Vel                ;cC*;09 30 15.8413167608 -53 03 31.283012612;     ~;12.54 ;12.19 ;     ~;     ~;~              ;  31;   0
154;DP MON     ;V* DP Mon                ;cC*;06 25 43.8727038459 +06 39 18.554452350;     ~;     ~;     ~;     ~;     ~;~              ;   7;   0
155;DN ARA     ;V* DN Ara                ;LP*;17 20 26.3261906273 -62 46 21.393844728;     ~;13.40 ;     ~;     ~;     ~;~              ;   6;   0
156;DL CAS     ;V* DL Cas                ;cC*;00 29 58.5886100054 +60 12 43.069687745;10.66 ; 9.88 ; 8.63 ;     ~; 7.582;G1Ib-IIHdel-1  ; 294;   0
157;EK MON     ;V* EK Mon                ;cC*;06 52 46.1708000904 -02 27 29.629893719;     ~;11.87 ;11.29 ;     ~;     ~;~              ;  58;   0
158;EK DEL     ;V* EK Del                ;Ce*;20 54 04.8696120336 +08 33 05.604845698;     ~;12.60 ;     ~;     ~;     ~;~              ;  27;   0
159;EF TAU     ;V* EF Tau                ;cC*;05 43 31.7956792214 +19 25 12.047372993;     ~;     ~;     ~;     ~;     ~;~              ;  29;   0
160;EE MON     ;V* EE Mon                ;cC*;06 50 48.6826876756 -07 58 50.632391554;     ~;14.03 ;     ~;     ~;     ~;~              ;  37;   0
161;DZ CMA     ;V* DZ CMa                ;cC*;07 16 59.3295830214 -15 18 25.436502497;     ~;     ~;     ~;11.61 ;10.71 ;G0             ;  16;   0
162;DY CAR     ;V* DY Car                ;cC*;10 52 32.8162697279 -60 31 36.360810188;     ~;12.76 ;11.38 ;     ~;     ~;~              ;  37;   0
163;DX GEM     ;V* DX Gem                ;cC*;06 33 54.6101670962 +14 28 17.011049441;     ~;11.24 ;10.73 ;     ~;     ~;~              ;  84;   0
164;DW PER     ;V* DW Per                ;cC*;02 33 52.5669699788 +57 01 38.992613531;     ~;12.84 ;11.61 ;     ~;     ~;F6Ib           ;  36;   0
165;DW CAS     ;V* DW Cas                ;cC*;23 38 48.3949879348 +59 23 30.581003592;     ~;12.45 ;11.08 ;     ~;     ~;F7             ;  34;   0
166;DV SER     ;V* DV Ser                ;cC*;18 40 12.9568691357 -02 23 03.326073737;     ~;     ~;     ~;     ~;     ~;~              ;  15;   0
167;DU ARA     ;V* DU Ara                ;WV*;17 23 12.6094173344 -63 53 47.491830623;     ~;12.21 ;     ~;     ~;     ~;~              ;  20;   0
168;DT CYG     ;V* DT Cyg                ;cC*;21 06 30.2442673195 +31 11 04.765587914; 6.70 ; 6.38 ; 5.82 ;     ~;     ~;F7II-          ; 289;   0
169;EP CYG     ;V* EP Cyg                ;cC*;19 45 03.6873923123 +31 19 50.910767513;     ~;13.96 ;     ~;     ~;11.272;~              ;  35;   0
170;EN TRA     ;V* EN TrA                ;Ce*;14 57 00.6830179855 -68 50 22.901317885;     ~; 9.42 ; 8.70 ;     ~;     ~;F2Ib           ;  63;   0
171;EN LYR     ;V* EN Lyr                ;RR*;19 14 54.3100532586 +34 46 01.985956635;     ~;     ~;     ~;12.91 ;     ~;~              ;  16;   0
172;EK PUP     ;V* EK Pup                ;cC*;07 41 49.7231043968 -25 02 30.448624645;     ~;11.39 ;10.69 ;     ~;     ~;~              ;  33;   0
173;ET CAR     ;V* ET Car                ;cC*;10 11 24.3411209280 -61 29 10.211116473;     ~;     ~;     ~;     ~;     ~;~              ;   7;   0
174;ER CAR     ;V* ER Car                ;cC*;11 09 41.1427308840 -58 50 15.811006640;     ~; 7.59 ; 6.79 ;     ~; 5.962;G1Iab/b        ; 117;   0
175;ER AUR     ;V* ER Aur                ;cC*;05 13 09.9827679367 +41 59 25.889070826;     ~;12.65 ;11.63 ;11.040;     ~;~              ;  40;   0
176;ETA AQL    ;* eta Aql                ;cC*;19 52 28.3677478 +01 00 20.369619      ; 5.12 ; 4.61 ; 3.80 ;     ~; 3.030;F6Iab+B9.8V    ; 628;   0
177;ET VUL     ;V* ET Vul                ;WV*;19 35 20.1039147934 +26 25 48.868686263;     ~;13.84 ;12.19 ;11.82 ;     ~;~              ;  20;   0
178;EU TAU     ;V* EU Tau                ;cC*;05 45 40.5287885881 +18 39 24.820727851;     ~; 8.71 ; 8.08 ;     ~;     ~;G5             ; 100;   0
179;EU CYG     ;V* EU Cyg                ;Ce*;19 51 17.2842341614 +32 40 31.963155970;     ~;14.60 ;     ~;     ~;     ~;~              ;  26;   0
180;EV AUR     ;V* EV Aur                ;LP*;04 51 24.4162447014 +42 47 00.010739915;     ~;     ~;     ~;     ~;     ~;~              ;   8;   0
181;EV AQL     ;V* EV Aql                ;Ce*;19 06 46.1545142889 +14 55 46.258176616;     ~;12.95 ;11.63 ;     ~;     ~;~              ;  42;   0
182;EW CAR     ;V* EW Car                ;cC*;10 20 49.7024236985 -61 15 07.057718632;     ~;     ~;     ~;     ~;     ~;~              ;   6;   0
183;EW AUR     ;V* EW Aur                ;cC*;04 51 24.8479090059 +38 11 18.786536871;     ~;14.60 ;     ~;     ~;     ~;~              ;  37;   0
184;EV SCT     ;V* EV Sct                ;cC*;18 36 39.6017832876 -08 11 05.360422056;     ~;10.99 ; 9.90 ;     ~;     ~;G0II           ; 223;   0
185;EW TRA     ;V* EW TrA                ;WV*;16 21 28.1263321565 -61 31 20.851670625;     ~;     ~;     ~;     ~;     ~;~              ;   4;   0
186;EW SCT     ;V* EW Sct                ;cC*;18 37 51.1111080562 -06 47 48.495390706;     ~; 9.50 ; 7.96 ;     ~;     ~;F8Ib/II        ;  95;   0
187;EZ CYG     ;V* EZ Cyg                ;cC*;19 57 49.0090607475 +30 15 57.291421972;     ~;12.45 ;11.21 ;     ~;     ~;G5V            ;  38;   0
188;EY SGR     ;V* EY Sgr                ;Mi*;19 37 22.5906098023 -12 08 35.979203187;     ~;     ~;     ~;     ~;     ~;~              ;   7;   0
189;EY CAR     ;V* EY Car                ;cC*;10 42 23.0316241313 -61 09 57.293215563;     ~;11.05 ;10.35 ;     ~;     ~;~              ;  58;   0
190;EX VEL     ;V* EX Vel                ;cC*;09 20 01.5130344053 -52 51 22.325399039;     ~;12.47 ;11.55 ;     ~;     ~;~              ;  45;   0
191;EX MUS     ;V* EX Mus                ;Ce*;13 47 24.8982602368 -68 14 59.615931729;     ~;15.23 ;14.23 ;13.78 ;     ~;~              ;   5;   0
192;EX CYG     ;V* EX Cyg                ;cC*;19 54 23.3891636030 +31 13 36.974163667;     ~;14.63 ;     ~;     ~;     ~;~              ;  26;   0
193;EX CAS     ;V* EX Cas                ;cC*;00 02 41.7774578992 +61 51 39.858384586;     ~;14.31 ;     ~;     ~;     ~;~              ;  27;   0
194;EZ VEL     ;V* EZ Vel                ;cC*;09 25 07.3812190007 -53 12 35.558567086;     ~;     ~;     ~;     ~;     ~;~              ;  38;   0
195;FK CAR     ;V* FK Car                ;cC*;10 53 56.3418672465 -59 57 52.953780777;     ~;     ~;     ~;     ~;     ~;~              ;  17;   0
196;FI MON     ;V* FI Mon                ;cC*;07 10 37.9924208298 -07 07 22.461492125;     ~;14.07 ;     ~;     ~;     ~;~              ;  39;   0
197;FI CAR     ;V* FI Car                ;cC*;10 51 01.8253337469 -58 35 26.155323058;     ~;12.62 ;11.53 ;     ~; 9.838;~              ;  45;   0
198;FH CAR     ;V* FH Car                ;cC*;10 48 18.5786489589 -60 39 02.825849345;     ~;12.24 ;10.43 ;     ~;     ~;~              ;  11;   0
199;FG VEL     ;V* FG Vel                ;cC*;09 33 23.7301483119 -52 45 21.104299822;     ~;     ~;     ~;     ~;     ~;~              ;  27;   0
200;FG MON     ;V* FG Mon                ;cC*;07 07 08.5490285558 -07 47 42.473450631;     ~;14.44 ;     ~;     ~;     ~;~              ;  34;   0
201;FF CAR     ;V* FF Car                ;cC*;10 44 54.0881730011 -58 17 52.684863035;     ~;     ~;     ~;     ~;     ~;~              ;  15;   0
202;FF AUR     ;V* FF Aur                ;cC*;04 55 18.1146186063 +39 58 46.982342399;     ~;     ~;     ~;     ~;     ~;~              ;  29;   0
203;FM CAR     ;V* FM Car                ;cC*;11 00 25.0537610756 -60 59 35.503495899;     ~;     ~;     ~;     ~;     ~;~              ;  14;   0
204;FM AQL     ;V* FM Aql                ;cC*;19 09 15.9901683300 +10 33 08.958768391; 9.76 ; 9.05 ; 7.89 ;     ~; 6.725;F2I            ; 165;   0
205;FN VEL     ;V* FN Vel                ;Ce*;09 48 41.4896478034 -55 31 10.351022956;     ~;11.24 ;10.25 ;     ~;     ~;F9II+?         ;  31;   0
206;FN CAR     ;V* FN Car                ;cC*;11 01 14.3899049878 -60 06 59.665050967;     ~;12.30 ;11.66 ;     ~;     ~;~              ;  40;   0
207;FN AQL     ;V* FN Aql                ;cC*;19 12 47.3150076412 +03 33 26.704507437;     ~; 9.58 ; 7.96 ;     ~;     ~;F8/G0Iab/b     ; 162;   0
208;FY VIR     ;V* FY Vir                ;WV*;12 14 13.5366117239 +06 01 17.125515867;     ~;     ~;16.41 ;     ~;     ~;~              ;   9;   0
209;FW LUP     ;V* FW Lup                ;RR*;15 22 25.3817579258 -40 55 36.231501429;     ~; 9.54 ; 9.05 ;     ~;     ~;F5IV           ;  49;   0
210;FW CAS     ;V* FW Cas                ;cC*;00 36 44.5102048637 +62 16 27.251055130;     ~;13.98 ;     ~;     ~;     ~;~              ;  22;   0
211;FT MON     ;V* FT Mon                ;cC*;06 21 36.0795073297 +04 04 24.841589393;     ~;11    ;     ~;12.23 ;     ~;~              ;  35;   0
212;FR CAR     ;V* FR Car                ;cC*;11 14 21.2158959674 -60 03 10.529100644;     ~;10.7  ; 9.64 ;     ~;     ~;G5             ;  69;   0
213;FQ LAC     ;V* FQ Lac                ;Ce*;22 54 37.6968403768 +54 15 55.625972552;     ~;     ~;     ~;     ~;     ~;~              ;  13;   0
214;FQ CAR     ;V* FQ Car                ;cC*;11 10 12.8689203304 -60 50 50.898800878;     ~;     ~;     ~;     ~;     ~;~              ;  19;   0
215;FO CAS     ;V* FO Cas                ;cC*;00 17 02.5025198024 +60 48 10.101461315;     ~;15.67 ;     ~;     ~;     ~;~              ;  20;   0
216;FO CAR     ;V* FO Car                ;cC*;11 01 30.6899880884 -62 17 26.861247700;     ~;11.80 ;10.96 ;     ~;     ~;~              ;  32;   0
217;FZ CAR     ;V* FZ Car                ;cC*;10 54 01.7801923864 -59 11 58.870896171;     ~;12.87 ;     ~;     ~;     ~;~              ;  27;   0
218;GH CYG     ;V* GH Cyg                ;cC*;19 59 10.7973446059 +29 27 02.682302641;     ~;11.21 ; 9.94 ;     ~; 8.445;F5             ;  64;   0
219;GH CAR     ;V* GH Car                ;cC*;11 10 44.5952256676 -60 45 01.013529557;10.54 ; 9.92 ; 9.04 ; 8.61 ; 8.05 ;F8             ;  69;   0
220;GH LUP     ;V* GH Lup                ;Ce*;15 24 38.3402443807 -52 51 13.896895820;10.03 ; 9.05 ; 7.83 ;     ~;     ~;G2Iab          ;  84;   0
221;GP AUR     ;V* GP Aur                ;WV*;06 26 18.3868246670 +42 41 56.183402915;     ~;     ~;     ~;     ~;     ~;~              ;   2;   0
222;GO CAS     ;V* GO Cas                ;cC*;02 35 05.7802960355 +59 23 02.672842455;     ~;14.85 ;     ~;     ~;     ~;~              ;  25;   0
223;GM CAS     ;V* GM Cas                ;cC*;02 26 56.6910992757 +60 34 17.103829174;     ~;13.55 ;11.25 ;     ~;     ~;~              ;  23;   0
224;GL CYG     ;V* GL Cyg                ;Ce*;20 03 34.7010489793 +39 09 34.731811876;     ~;14.20 ;     ~;     ~;     ~;F5             ;  29;   0
225;GL CAS     ;V* GL Cas                ;cC*;02 10 46.3727819218 +59 15 13.300369095;     ~;14.03 ;     ~;     ~;     ~;~              ;  23;   0
226;GI CYG     ;V* GI Cyg                ;cC*;19 59 33.7106890957 +33 44 45.823301383;     ~;13.20 ;     ~;     ~;10.014;~              ;  34;   0
227;GI CAR     ;V* GI Car                ;cC*;11 14 00.0420697293 -57 54 39.268213102; 9.22 ; 9.43 ; 9.13 ; 8.83 ;     ~;F3/5Iab/b      ;  90;   0
228;GX CAR     ;V* GX Car                ;cC*;09 55 26.1600428727 -58 25 46.921352864;     ~;10.46 ; 9.42 ; 9.53 ; 8.148;F8II           ;  58;   0
229;GW SCO     ;V* GW Sco                ;Ce*;16 50 52.0336145679 -27 58 22.118938394;     ~;13.50 ;     ~;     ~;     ~;~              ;   6;   0
230;GV AUR     ;V* GV Aur                ;cC*;05 44 14.0002147362 +37 35 12.735789058;     ~;     ~;     ~;     ~;     ~;~              ;  25;   0
231;GU NOR     ;V* GU Nor                ;cC*;16 14 54.7527637745 -53 20 18.342856523;     ~;11.60 ;10.08 ;     ~; 8.802;~              ;  77;   0
232;GT CAR     ;V* GT Car                ;cC*;10 59 26.0577911997 -59 29 11.025374756;     ~;14.10 ;     ~;     ~;     ~;~              ;  22;   0
233;GT AUR     ;V* GT Aur                ;cC*;05 36 26.7541298848 +44 35 28.907574442;     ~;     ~;     ~;     ~;     ~;~              ;  17;   0
234;GS CAR     ;V* GS Car                ;cC*;10 51 54.1004489973 -61 28 02.240837971;     ~;     ~;     ~;     ~;     ~;~              ;  15;   0
235;GR NOR     ;V* GR Nor                ;Ce*;16 08 13.16 -58 57 09.3                ;     ~;13.1  ;     ~;     ~;     ~;~              ;  12;   0
236;GQ VUL     ;V* GQ Vul                ;cC*;19 47 58.0160823636 +26 00 00.434582194;     ~;15.88 ;     ~;     ~;     ~;~              ;  16;   0
237;GQ ORI     ;V* GQ Ori                ;cC*;06 11 13.5830093624 +09 36 44.986218991;     ~; 9.81 ; 8.88 ;     ~; 7.869;B              ;  69;   1
238;GP PER     ;V* GP Per                ;Ce*;04 23 19.1737333013 +44 14 12.740209377;     ~;13.40 ;     ~;     ~;     ~;~              ;  18;   0
239;GX SGE     ;V* GX Sge                ;cC*;19 31 10.4832429511 +19 15 25.434013692;     ~;14.47 ;     ~;     ~;     ~;~              ;  28;   0
240;GZ NOR     ;V* GZ Nor                ;LP*;16 31 54.1443235687 -55 33 07.477618440;     ~;     ~;     ~;     ~;     ~;~              ;   5;   0
241;GZ CAR     ;V* GZ Car                ;cC*;10 20 20.3714748543 -59 22 35.832285032;     ~;11.15 ;10.20 ;     ~;     ~;G5             ;  81;   0
242;GY SGE     ;V* GY Sge                ;LP*;19 35 13.6267912014 +19 12 08.666171766;13.62 ;11.84 ; 9.84 ;     ~;     ~;~              ; 101;   0
243;HR AUR     ;V* HR Aur                ;RR*;06 31 11.0206507900 +30 56 15.956563064;     ~;12.31 ;11.19 ;10.57 ;     ~;~              ;  17;   0
244;HQ PER     ;V* HQ Per                ;Ce*;04 43 57.8806998785 +40 50 05.207699721;     ~;     ~;     ~;     ~;     ~;F              ;  32;   0
245;HQ CRA     ;V* HQ CrA                ;WV*;18 11 53.7388708507 -37 39 14.870584621;     ~;     ~;     ~;     ~;     ~;~              ;  13;   0
246;HQ CAR     ;V* HQ Car                ;cC*;10 20 31.9898303153 -61 14 57.414334235;     ~;12.50 ;11.7  ;     ~;     ~;~              ;  24;   0
247;HL PUP     ;V* HL Pup                ;Ce*;08 11 10.8106560510 -33 30 57.155847723;     ~;11.48 ;10.81 ;     ~;     ~;~              ;  20;   0
248;HK CAS     ;V* HK Cas                ;cC*;00 57 20.0470467866 +55 26 19.793603298;     ~;     ~;     ~;     ~;     ~;~              ;  20;   0
249;HK CAR     ;V* HK Car                ;cC*;11 03 45.21945 -60 38 32.2099          ;     ~;10.90 ;     ~;     ~;     ~;G5             ;  31;   0
250;IM CAR     ;V* IM Car                ;cC*;10 55 09.0925223101 -60 32 51.829618084;     ~;     ~;     ~;     ~;     ~;~              ;  15;   0
251;IK HYA     ;V* IK Hya                ;RR*;12 04 47.2725767034 -27 40 43.270823299;     ~;10.46 ;10.23 ;     ~;     ~;A2w            ;  38;   0
252;IK CAR     ;V* IK Car                ;cC*;10 48 57.5919966240 -64 10 27.167211023;     ~;     ~;     ~;     ~;     ~;~              ;  12;   0
253;II NOR     ;V* II Nor                ;Ce*;16 23 35.4619355140 -53 55 14.207932209;     ~;     ~;     ~;     ~;     ~;~              ;   4;   0
254;II CAR     ;V* II Car                ;cC*;10 48 49.0538873707 -60 03 46.987220753;     ~;     ~;     ~;     ~;     ~;~              ;  20;   0
255;HZ PER     ;V* HZ Per                ;cC*;04 25 37.2939553772 +45 37 13.143527392;     ~;15.89 ;     ~;     ~;     ~;~              ;  34;   0
256;HW PUP     ;V* HW Pup                ;cC*;07 57 42.1676771396 -27 36 06.840883085;     ~;13.35 ;     ~;     ~;10.51 ;~              ;  44;   0
257;HW CAR     ;V* HW Car                ;cC*;10 39 20.3294249682 -61 09 08.793562573;     ~;10.10 ; 9.09 ;     ~; 8.018;G2/3Ib/II      ;  40;   0
258;HS CAR     ;V* HS Car                ;cC*;10 24 34.1859117834 -59 32 09.523806467;     ~;     ~;     ~;     ~;     ~;~              ;  16;   0
259;IQ NOR     ;V* IQ Nor                ;cC*;15 12 49.5173442606 -54 45 18.976899591;     ~;10.77 ; 9.71 ;     ~;     ~;~              ;  36;   0
260;IP CAR     ;V* IP Car                ;cC*;11 01 28.4490840693 -64 17 26.427476533;     ~;     ~;     ~;     ~;     ~;~              ;   8;   0
261;IO CAS     ;V* IO Cas                ;cC*;01 47 02.7158901133 +59 36 22.527290973;     ~;14.84 ;     ~;     ~;     ~;~              ;  26;   0
262;IO CAR     ;V* IO Car                ;Ce*;10 56 26.2188306299 -60 43 57.668670071;     ~;11.81 ;     ~;     ~;     ~;~              ;  34;   0
263;IN AUR     ;V* IN Aur                ;cC*;05 15 27.1853724564 +37 22 20.865027638;     ~;15.28 ;     ~;     ~;     ~;~              ;  20;   0
264;IR CEP     ;V* IR Cep                ;cC*;21 57 51.9255446770 +61 01 07.903989255;     ~; 8.68 ; 7.86 ;     ~;     ~;G0             ;  80;   1
265;IZ CEN     ;V* IZ Cen                ;cC*;11 41 19.4531766863 -62 15 53.144517876;     ~;     ~;     ~;     ~;10.375;~              ;  17;   0
266;IY CYG     ;V* IY Cyg                ;Ce*;19 55 33.8034254496 +31 45 50.014357885;     ~;13.90 ;     ~;     ~;     ~;~              ;  25;   0
267;IY CEP     ;V* IY Cep                ;Ce*;22 07 35.4557467242 +55 21 45.899077177;     ~;14.29 ;12.81 ;12.47 ;     ~;~              ;  17;   0
268;IX CAS     ;V* IX Cas                ;WV*;00 04 50.8166633529 +50 14 05.538514833;     ~;12.04 ;11.36 ;     ~;     ~;F7             ;  52;   0
269;IU CYG     ;V* IU Cyg                ;WV*;19 50 08.2480165514 +34 09 57.584204571;     ~;13.81 ;     ~;     ~;12.025;~              ;  22;   0
270;IU CEN     ;V* IU Cen                ;Ce*;14 07 30.9145427580 -56 41 55.050181720;     ~;     ~;     ~;     ~;     ~;~              ;   8;   0
271;IT LAC     ;V* IT Lac                ;cC*;22 09 18.5628736061 +51 24 19.425596079;     ~;     ~;     ~;     ~;     ~;~              ;  10;   0
272;IT CAR     ;V* IT Car                ;cC*;11 12 10.1254635827 -61 45 17.549239865; 9.49 ; 8.83 ; 7.90 ;     ~; 7.064;F8Iab/b        ;  89;   0
273;KL AQL     ;V* KL Aql                ;cC*;20 01 09.8186943405 +15 48 12.683470370;     ~;10.95 ;10.14 ;     ~;     ~;hF4mF7/8       ;  74;   0
274;KK CEN     ;V* KK Cen                ;cC*;11 42 48.2149125366 -58 59 36.223791416;     ~;12.77 ;13.68 ;     ~; 9.562;~              ;  62;   1
275;KK CAS     ;V* KK Cas                ;cC*;23 49 56.0235323006 +59 56 26.528922935;     ~;13.54 ;     ~;     ~;     ~;~              ;  21;   1
276;KAPPA PAV  ;* kap Pav                ;WV*;18 56 57.0309200480 -67 14 00.566631622;     ~; 5.08 ; 4.40 ;     ~;     ~;G5Iab/b        ; 116;   0
277;KO CEP     ;V* KO Cep                ;cC*;22 10 58.3275750645 +56 17 29.702859835;     ~;16.05 ;     ~;     ~;     ~;~              ;  14;   0
278;KN CEN     ;V* KN Cen                ;cC*;13 36 36.8945451169 -64 33 29.916343439;     ~;11.22 ; 9.86 ;     ~;     ~;G8Iab+B6.0V    ; 119;   0
279;KZ PUP     ;V* KZ Pup                ;RR*;07 52 36.5123719433 -17 23 00.728042454;     ~;12.58 ;12.06 ;     ~;     ~;~              ;  18;   0
280;KZ CEN     ;V* KZ Cen                ;WV*;12 01 55.189 -46 16 41.48              ;     ~;12.91 ;12.21 ;     ~;     ~;~              ;  19;   0
281;KX CYG     ;V* KX Cyg                ;cC*;20 24 19.3461117557 +40 33 39.913092752;     ~;14.14 ;11.72 ;10.71 ;     ~;~              ;  38;   0
282;KQ SCO     ;V* KQ Sco                ;cC*;16 51 38.5473466715 -45 25 36.105341336;12.37 ;10.69 ; 9.31 ;     ~;     ~;K7             ; 112;   0
283;KQ CRA     ;V* KQ CrA                ;WV*;17 59 34.4837139652 -39 35 06.787622940;     ~;12.88 ;12.04 ;     ~;     ~;~              ;  12;   0
284;LR PUP     ;V* LR Pup                ;Ce*;07 57 03.7141192256 -28 09 41.731107315;     ~;13.07 ;11.85 ;     ~;     ~;~              ;  16;   0
285;LQ PUP     ;V* LQ Pup                ;Ce*;07 56 12.4847249515 -32 36 09.560248701;     ~;     ~;     ~;     ~;     ~;~              ;   4;   0
286;LL PUP     ;V* LL Pup                ;Ce*;07 53 48.7816251245 -30 27 37.162146508;     ~;12.13 ;11.32 ;     ~;     ~;~              ;  13;   0
287;MQ AQL     ;V* MQ Aql                ;WV*;19 40 55.6949124779 +12 37 10.003539604;     ~;     ~;     ~;     ~;     ~;~              ;   9;   0
288;MM PER     ;V* MM Per                ;cC*;03 45 23.3537632397 +48 05 00.539676795;     ~;11.67 ;10.93 ;     ~;     ~;~              ;  27;   0
289;LV CEN     ;V* LV Cen                ;cC*;11 33 17.7977262030 -63 14 32.663220430;     ~;     ~;     ~;     ~;10.679;~              ;  19;   0
290;LT CAS     ;V* LT Cas                ;cC*;02 45 51.4919211307 +63 18 16.461679657;     ~;13.76 ;     ~;     ~;     ~;~              ;  26;   0
291;LR TRA     ;V* LR TrA                ;cC*;15 30 49.8226065960 -65 35 57.574567209;     ~; 8.61 ; 7.80 ;     ~;     ~;F8II           ;  46;   0
292;MY CEN     ;V* MY Cen                ;cC*;13 11 04.4634885633 -61 37 37.392271897;     ~;13.13 ;     ~;     ~;     ~;~              ;  21;   0
293;MW CYG     ;V* MW Cyg                ;cC*;20 12 22.8297860287 +32 52 17.840728795;     ~;10.71 ; 9.45 ;     ~; 7.882;F8.5-G2Ib      ; 100;   0
294;MU CEP     ;V* MU Cep                ;Ce*;22 23 38.6259797726 +57 40 50.841775021;     ~;13.5  ;     ~;     ~;     ~;~              ;  26;   1
295;NT PUP     ;V* NT Pup                ;cC*;07 58 46.3396293858 -38 59 39.657439618;     ~;11.0  ;     ~;     ~;     ~;~              ;  21;   0
296;NP CAS     ;V* NP Cas                ;cC*;00 23 57.6522277931 +62 57 00.552629842;     ~;15.35 ;     ~;     ~;     ~;~              ;  16;   0
297;NO CAS     ;V* NO Cas                ;Ce*;00 24 04.6459041557 +61 20 29.929177342;13.22 ;12.74 ;11.4  ;     ~;     ~;G:I:e:         ;  21;   0
298;NN VUL     ;V* NN Vul                ;WV*;19 29 53.9884962016 +25 14 57.000942639;     ~;15.69 ;14.18 ;13.85 ;     ~;~              ;   9;   0
299;MZ MON     ;V* MZ Mon                ;LP*;07 16 19.0464271059 -02 18 47.372404764;     ~;     ~;     ~;     ~;     ~;M6             ;   5;   0
300;MZ CYG     ;V* MZ Cyg                ;WV*;21 21 54.7239732299 +37 27 33.099617919;     ~;13.16 ;12.14 ;     ~;     ~;G1             ;  33;   0
301;MZ CEN     ;V* MZ Cen                ;Ce*;13 14 01.6847887403 -64 19 29.557435952;     ~;12.69 ;11.24 ;     ~;     ~;~              ;  31;   0
302;MY PUP     ;* y03 Pup                ;cC*;07 38 18.2087613998 -48 36 05.159134325;     ~; 6.32 ; 5.68 ;     ~;     ~;F7Ib/II        ;  99;   0
303;PP AQL     ;V* PP Aql                ;cC*;19 52 46.5487837843 +12 40 09.002041342;     ~;13.00 ;12.11 ;11.10 ;     ~;~              ;  22;   0
304;OZ CAS     ;V* OZ Cas                ;cC*;01 14 19.5350329313 +62 02 38.528477287;     ~;15.64 ;     ~;     ~;     ~;~              ;  18;   0
305;OT PER     ;V* OT Per                ;cC*;04 38 37.9378681324 +47 44 25.008084048;     ~;15.71 ;     ~;     ~;     ~;~              ;  33;   0
306;OP CAS     ;V* OP Cas                ;cC*;00 46 29.8928316625 +63 32 35.794697538;     ~;13.78 ;11.91 ;     ~;     ~;~              ;  28;   0
307;OO PUP     ;V* OO Pup                ;cC*;07 33 38.8031725073 -16 19 01.570346658;     ~;     ~;     ~;     ~;     ~;~              ;   6;   0
308;OO CEN     ;V* OO Cen                ;cC*;13 26 30.0709247164 -63 09 45.425744560;     ~;13.78 ;     ~;     ~;     ~;~              ;  34;   0
309;NY CAS     ;V* NY Cas                ;cC*;00 40 23.1965486106 +58 37 06.678600614;     ~;     ~;     ~;     ~;     ~;~              ;  29;   0
310;NW PAV     ;V* NW Pav                ;cC*;18 13 34.5647789369 -65 14 13.390136096;     ~;12.78 ;12.13 ;     ~;10.86 ;~              ;  15;   0
311;QT CRA     ;V* QT CrA                ;LP*;18 09 12.3862926607 -40 12 13.187467857;     ~;12.29 ;11.40 ;     ~;     ~;M              ;  20;   0
312;QQ PER     ;V* QQ Per                ;cC*;02 54 40.3969908370 +51 49 28.676583863;     ~;     ~;     ~;     ~;     ~;~              ;  26;   0
313;PZ AQL     ;V* PZ Aql                ;WV*;18 55 56.0445635718 -02 52 47.036875186;     ~;13.13 ;11.79 ;     ~;     ~;F5             ;  26;   0
314;PW CAS     ;V* PW Cas                ;cC*;23 25 58.4750720772 +61 16 00.613978742;     ~;     ~;13.061;     ~;     ~;F              ;  22;   0
315;QZ NOR     ;V* QZ Nor                ;cC*;16 11 20.4661902809 -54 21 14.826048900;10.08 ; 9.53 ; 8.71 ; 8.66 ;     ~;F6I            ; 112;   0
316;QY CYG     ;V* QY Cyg                ;WV*;19 58 51.5386790606 +37 38 50.136522435;     ~;14.90 ;     ~;     ~;     ~;~              ;  16;   0
317;QY CEN     ;V* QY Cen                ;cC*;14 08 17.1302376200 -61 44 11.134620145;     ~;14.91 ;12.50 ;     ~; 9.347;~              ;  42;   0
318;R CRU      ;V* R Cru                 ;cC*;12 23 37.6883962336 -61 37 44.856977549; 7.41 ; 7.00 ; 6.42 ;     ~;     ~;F7Ib/II        ; 137;   0
319;R MUS      ;V* R Mus                 ;cC*;12 42 05.0256100705 -69 24 27.196561465; 7.65 ; 7.11 ; 6.33 ;     ~; 5.499;F7Ib           ; 140;   0
320;R TRA      ;V* R TrA                 ;cC*;15 19 45.7123101563 -66 29 45.741722140; 7.29 ; 6.96 ; 6.39 ;     ~; 5.844;F7Ib/II        ; 164;   0
321;RR LAC     ;V* RR Lac                ;cC*;22 41 26.5258632443 +56 25 58.029719396;     ~; 9.68 ; 8.87 ;     ~; 7.786;K0             ; 155;   0
322;RS PAV     ;V* RS Pav                ;WV*;18 07 22.0062810248 -58 57 42.045618836;     ~;11.36 ;10.10 ;     ~;     ~;Ke             ;  21;   0
323;RS NOR     ;V* RS Nor                ;cC*;16 05 09.9561664557 -53 55 09.888275680;     ~;10.95 ;10.09 ;     ~;     ~;F6             ;  55;   0
324;RS CAS     ;V* RS Cas                ;cC*;23 37 16.0605712200 +62 25 44.370924552;     ~;11.4  ;10.06 ;     ~; 8.233;F7-G1Ib        ;  94;   0
325;RR MIC     ;V* RR Mic                ;WV*;21 15 49.3193445352 -43 11 39.999594253;     ~;11.75 ;11.24 ;     ~;     ~;~              ;  19;   0
326;RS PUP     ;V* RS Pup                ;cC*;08 13 04.2157137938 -34 34 42.691837063; 8.89 ; 8.00 ; 6.70 ;     ~; 5.453;F8Iab          ; 309;   1
327;RU CAM     ;V* RU Cam                ;WV*;07 21 44.1178182168 +69 40 14.725818530;     ~; 9.95 ; 8.60 ; 8.84 ;     ~;C0,1_CH4       ; 139;   0
328;RT TRA     ;V* RT TrA                ;WV*;16 34 30.8912790319 -63 08 00.815992650;     ~;10.42 ; 9.70 ;     ~;     ~;G2Ib-II:       ;  54;   0
329;RT MUS     ;V* RT Mus                ;cC*;11 44 32.8829776774 -67 18 18.886572773;     ~; 9.69 ; 8.57 ;     ~;     ~;F8             ;  89;   0
330;RV NOR     ;V* RV Nor                ;Ce*;16 04 10.1272819246 -56 04 47.955263402;     ~;12.50 ;     ~;     ~;     ~;K1             ;  10;   0
331;RU SCT     ;V* RU Sct                ;cC*;18 41 56.3817508914 -04 06 38.375080426;     ~;10.17 ; 8.82 ;     ~;     ~;G5             ; 177;   0
332;RW CAM     ;V* RW Cam                ;cC*;03 54 21.7725406302 +58 39 11.966964971;     ~;10.02 ; 8.72 ;     ~; 7.054;F8             ; 153;   0
333;RV SCO     ;V* RV Sco                ;cC*;16 58 19.74983 -33 36 32.7842          ; 7.79 ; 7.37 ; 6.61 ;     ~; 5.909;G0Ib           ; 170;   1
334;RX LIB     ;V* RX Lib                ;WV*;15 42 00.0542433613 -20 46 45.905716461;     ~;     ~;     ~;     ~;     ~;F9             ;  21;   0
335;RX CAM     ;V* RX Cam                ;cC*;04 04 58.4642958819 +58 39 35.218272520;     ~; 8.85 ; 7.70 ;     ~; 6.233;G2Ib+A0V       ; 176;   0
336;RX AUR     ;V* RX Aur                ;cC*;05 01 23.1881737714 +39 57 37.422344258;     ~; 8.49 ; 7.62 ;     ~; 6.594;G0III          ; 189;   0
337;RW CMA     ;V* RW CMa                ;cC*;07 13 11.6754342031 -18 43 50.700368879;     ~;12.19 ;11.16 ;     ~;     ~;F5             ;  41;   0
338;RW CAS     ;V* RW Cas                ;cC*;01 37 14.0194446925 +57 45 33.192081133;     ~; 9.44 ; 8.58 ;     ~; 7.896;G2             ; 137;   0
339;RY CAS     ;V* RY Cas                ;cC*;23 52 07.0320627883 +58 44 30.207229715;     ~;11.32 ; 9.95 ;     ~; 8.411;F9Ib           ; 102;   0
340;RX TUC     ;V* RX Tuc                ;cC*;01 00 19.70 -72 38 38.2                ;     ~;16.349;15.930;     ~;15.214;~              ;   8;   0
341;RY SCO     ;V* RY Sco                ;cC*;17 50 52.3454231475 -33 42 20.410667234; 9.77 ; 8.79 ; 7.51 ;     ~; 6.256;F6Ib           ; 164;   0
342;RY CMA     ;V* RY CMa                ;cC*;07 16 37.6358131162 -11 29 14.298952423;     ~; 8.99 ; 8.19 ;     ~; 7.133;F8Ib/II        ; 140;   0
343;RZ GEM     ;V* RZ Gem                ;cC*;06 02 36.5872523443 +22 14 02.947734335;     ~;10.83 ; 9.91 ; 9.68 ; 8.679;F5             ; 107;   0
344;RZ CMA     ;V* RZ CMa                ;cC*;07 21 32.8572494264 -16 41 14.000346928;     ~;10.75 ; 9.72 ;     ~; 8.477;F6             ;  79;   0
345;RY VEL     ;V* RY Vel                ;cC*;10 20 41.0317627466 -55 19 17.035924264;     ~; 9.71 ; 7.86 ;     ~; 6.840;F5Ib/II        ; 125;   0
346;RZ VEL     ;V* RZ Vel                ;cC*;08 37 01.3029337589 -44 06 52.844429407;     ~; 8.507; 7.260;     ~;     ~;G1Ib           ; 190;   0
347;S CRU      ;V* S Cru                 ;cC*;12 54 21.9972794334 -58 25 50.214605143; 7.94 ; 7.34 ; 6.58 ;     ~; 5.730;F7Ib/II        ; 165;   0
348;S MUS      ;V* S Mus                 ;cC*;12 12 47.0194644681 -70 09 06.436474127; 7.58 ; 7.01 ; 6.17 ;     ~; 5.196;F6Ib+B5V       ; 230;   0
349;S SGE      ;* 10 Sge                 ;RV*;19 56 01.2614273274 +16 38 05.236276391; 6.45 ; 6.03 ; 5.36 ;     ~; 4.789;F7Ib           ; 323;   0
350;S TRA      ;V* S TrA                 ;cC*;16 01 10.7159013455 -63 46 35.532422255; 7.73 ; 7.19 ; 6.41 ;     ~; 5.602;F8II           ; 158;   0
351;S VUL      ;V* S Vul                 ;RV*;19 48 23.8064092485 +27 17 11.426469538;     ~;10.99 ; 8.69 ;     ~;     ~;K0             ; 170;   0
352;ST PUP     ;V* ST Pup                ;pA*;06 48 56.4137309745 -37 16 33.336632924;     ~;10.47 ; 9.28 ; 9.89 ; 9.29 ;G2I            ;  80;   0
353;SS TUC     ;V* SS Tuc                ;cC*;01 01 49.4916678477 -72 05 45.280871492;     ~;13.74 ;12.88 ;12.88 ;12.148;G1Iab          ;  30;   0
354;SS SCT     ;V* SS Sct                ;cC*;18 43 43.5114066939 -07 43 51.958881260;     ~; 9.29 ; 7.90 ;     ~; 7.100;F8II           ; 156;   0
355;SS CMA     ;V* SS CMa                ;cC*;07 26 07.1974608016 -25 15 26.439068915;     ~;10.99 ; 9.84 ;     ~;     ~;~              ;  87;   0
356;SU CRU     ;V* SU Cru                ;cC*;12 18 16.93315 -63 16 48.5642          ;     ~;11.05 ; 9.54 ;     ~;     ~;M              ;  76;   0
357;SU CAS     ;V* SU Cas                ;cC*;02 51 58.7508894403 +68 53 18.601570075; 6.92 ; 6.44 ; 5.80 ;     ~;     ~;F5.5III+       ; 405;   1
358;ST VEL     ;V* ST Vel                ;cC*;08 44 55.8932351877 -50 33 36.140752245;     ~;10.89 ; 9.69 ;     ~; 8.294;K              ;  62;   0
359;ST TAU     ;V* ST Tau                ;cC*;05 45 03.1601683809 +13 34 34.903166002;     ~; 9.13 ; 7.79 ;     ~; 7.149;G0             ; 115;   0
360;SU CYG     ;V* SU Cyg                ;cC*;19 44 48.7364497912 +29 15 52.894148064; 7.10 ; 6.88 ; 6.44 ; 6.06 ; 5.84 ;F2Iab:+B8.0V   ; 276;   1
361;SV CRU     ;V* SV Cru                ;cC*;11 57 53.7369124624 -62 38 46.072438549;     ~;12.98 ;11.76 ;     ~;     ~;~              ;  26;   0
362;SU SCT     ;V* SU Sct                ;cC*;18 52 52.1084820364 -12 30 35.473574499;     ~;     ~;     ~;     ~;     ~;~              ;  15;   0
363;SV TUC     ;V* SV Tuc                ;cC*;01 03 12.2953464174 -71 50 47.822093929;     ~;15.958;15.558;     ~;14.858;F              ;   7;   0
364;SV MON     ;V* SV Mon                ;cC*;06 21 26.3051049461 +06 28 12.577938993;     ~; 9.32 ; 8.28 ;     ~;     ~;G1Ib           ; 155;   0
365;SV VEL     ;V* SV Vel                ;cC*;10 44 56.3463858318 -56 17 22.395138291; 9.45 ; 8.73 ; 7.91 ;     ~;     ~;F7II           ;  91;   0
366;SV VUL     ;V* SV Vul                ;cC*;19 51 30.9059608126 +27 27 36.835645654; 8.65 ; 7.86 ; 6.74 ;     ~; 5.703;F8Ia           ; 391;   0
367;SW TAU     ;V* SW Tau                ;WV*;04 24 32.9729177626 +04 07 24.079650708;     ~;10.23 ; 9.33 ;     ~;     ~;A7             ; 102;   0
368;SW CAS     ;V* SW Cas                ;cC*;23 07 10.0825486116 +58 33 15.128942270;     ~;10.73 ; 9.74 ;     ~; 8.397;K0             ; 102;   0
369;SX CAR     ;V* SX Car                ;cC*;10 46 05.8410127878 -57 32 51.123300070;     ~; 9.93 ; 9.06 ; 9.51 ; 8.047;F6Ib/II        ;  84;   0
370;SW VEL     ;V* SW Vel                ;cC*;08 43 38.6904013543 -47 24 11.196771088;     ~; 9.58 ; 8.32 ;     ~;     ~;F8/G0Ib        ; 164;   0
371;SY CAS     ;V* SY Cas                ;cC*;00 15 09.8128640040 +58 25 27.439915823;     ~;10.69 ; 9.92 ;     ~; 8.789;F5             ; 110;   0
372;SY AUR     ;V* SY Aur                ;cC*;05 12 39.2271412155 +42 49 54.415802821;     ~; 9.97 ; 9.05 ;     ~; 7.851;F5III          ; 111;   0
373;SX VEL     ;V* SX Vel                ;cC*;08 44 53.4688984489 -46 20 34.732806621;     ~; 9.19 ; 8.33 ;     ~; 7.264;F8II           ; 111;   0
374;SY NOR     ;V* SY Nor                ;cC*;15 54 42.8119796279 -54 33 59.157757941;     ~;11.0  ; 9.63 ;     ~; 7.928;F9Ib+B4.5V     ;  81;   1
375;SZ AQL     ;V* SZ Aql                ;cC*;19 04 39.4159911509 +01 18 22.156017960;     ~; 9.92 ; 7.92 ;     ~; 7.039;F8/G0Ib        ; 170;   0
376;SZ TAU     ;V* SZ Tau                ;cC*;04 37 14.7778803229 +18 32 34.929341041; 7.65 ; 7.13 ; 6.37 ;     ~;     ~;F6.7:Ib        ; 284;   0
377;SZ MON     ;V* SZ Mon                ;RV*;06 51 27.8478992210 -01 22 15.961057167;     ~;10.61 ; 9.76 ;     ~; 9.109;F8(e)          ;  59;   0
378;SZ CYG     ;V* SZ Cyg                ;cC*;20 32 54.2939988595 +46 36 04.582313595;     ~;10.80 ; 9.37 ;     ~; 7.770;F7.5/8-G6.5Ib  ; 134;   0
379;SZ CAS     ;V* SZ Cas                ;cC*;02 27 13.7670524473 +59 27 38.174718163;     ~;11.5  ; 9.60 ;     ~;     ~;G5III          ; 151;   0
380;T ANT      ;V* T Ant                 ;cC*;09 33 50.8595664736 -36 36 56.742348780;     ~; 9.93 ; 9.26 ;     ~;     ~;G5             ;  70;   0
381;T CRU      ;V* T Cru                 ;cC*;12 21 21.1280228251 -62 16 53.876299134;     ~; 7.42 ; 6.57 ;     ~;     ~;G2Ib           ; 132;   0
382;T MON      ;V* T Mon                 ;cC*;06 25 12.9997562821 +07 05 08.561189768; 8.24 ; 7.20 ; 5.98 ;     ~; 4.996;G3Iabv+A0p     ; 438;   1
383;T VEL      ;V* T Vel                 ;cC*;08 37 40.8268486937 -47 21 43.082343785;     ~; 8.92 ; 7.68 ;     ~; 6.970;G0II           ; 145;   0
384;TT AQL     ;V* TT Aql                ;cC*;19 08 13.7497120770 +01 17 55.146226298; 8.96 ; 7.86 ; 6.50 ;     ~; 5.699;G0/2Ib         ; 253;   0
385;TV CAM     ;V* TV Cam                ;cC*;04 07 32.7987744038 +60 19 06.461879431;     ~;12.83 ;11.43 ;     ~;     ~;F6Ibp          ;  42;   0
386;TU CAS     ;V* TU Cas                ;cC*;00 26 19.4484760999 +51 16 49.290847490;     ~; 8.507; 7.835;     ~;     ~;F4             ; 188;   0
387;TW MON     ;V* TW Mon                ;Ce*;06 50 32.3362879535 +00 00 25.185938999;     ~;     ~;     ~;     ~;10.939;~              ;  38;   0
388;TW CMA     ;V* TW CMa                ;cC*;07 22 02.3794845665 -14 19 05.497464410;     ~;10.40 ; 9.59 ;     ~; 8.429;F5             ;  86;   0
389;TW CAP     ;V* TW Cap                ;WV*;20 14 28.4159505661 -13 50 07.886308747;     ~;11.0  ;10.7  ;     ~;     ~;F4Ib           ;  68;   0
390;TV CMA     ;V* TV CMa                ;cC*;07 09 15.4113468927 -13 47 09.919739837;     ~;11.58 ;10.59 ;     ~;     ~;F5             ;  66;   0
391;TY CRU     ;V* TY Cru                ;cC*;12 06 40.2475295347 -62 35 48.644450414;     ~;     ~;     ~;     ~;     ~;~              ;  16;   0
392;TX MON     ;V* TX Mon                ;cC*;06 50 52.2687185541 -01 25 45.221461613;     ~;11.76 ;10.67 ;     ~; 9.619;F6             ;  85;   0
393;TX DEL     ;V* TX Del                ;WV*;20 50 12.6956652311 +03 39 08.365333296;     ~; 9.95 ; 8.84 ;     ~;     ~;F8             ;  92;   0
394;TX CYG     ;V* TX Cyg                ;cC*;21 00 06.3808243296 +42 35 51.214648706;     ~;11.3  ; 9.50 ;     ~; 7.168;F5.5Ib-G5Ib:   ; 132;   0
395;TX CEN     ;V* TX Cen                ;cC*;14 35 11.8540458235 -60 59 52.692955402;     ~;11.82 ;10.53 ;     ~; 8.620;~              ;  54;   0
396;TZ MUS     ;V* TZ Mus                ;cC*;11 50 56.4192466241 -65 08 26.586662645;     ~;12.99 ;     ~;     ~;     ~;~              ;  35;   0
397;TY SCT     ;V* TY Sct                ;cC*;18 42 07.9138178608 -04 17 36.534181571;     ~;13.07 ;11.00 ;     ~; 8.829;F8             ;  82;   0
398;TY MON     ;V* TY Mon                ;cC*;06 56 39.7965268829 +00 11 24.143096639;     ~;12.90 ;     ~;     ~;10.347;K5             ;  38;   0
399;U AQL      ;V* U Aql                 ;cC*;19 29 21.36028 -07 02 38.7099          ; 8.41 ; 7.71 ; 6.61 ;     ~; 5.270;F5I/II+B9.8V   ; 257;   0
400;U CAR      ;V* U Car                 ;cC*;10 57 48.1866898409 -59 43 55.880151632; 8.31 ; 7.21 ; 6.11 ;     ~; 5.073;G5/8Iab        ; 203;   0
401;U SGR      ;V* U Sgr                 ;cC*;18 31 53.3321808602 -19 07 30.262730218; 8.50 ; 7.81 ; 6.68 ;     ~; 5.413;G1Ib           ; 424;   0
402;U TRA      ;V* U TrA                 ;Ce*;16 07 19.0041509425 -62 54 38.017920096;     ~; 8.43 ; 7.89 ;     ~;     ~;F8Ib/II        ; 126;   0
403;UW CAR     ;V* UW Car                ;cC*;10 26 50.8798632047 -59 40 10.371971830;     ~;10.33 ; 9.47 ;     ~; 8.219;G0             ;  56;   0
404;UU MUS     ;V* UU Mus                ;cC*;11 52 17.7225421742 -65 24 15.060675590;     ~;10.5  ; 9.54 ;     ~;     ~;F7/G0p         ; 110;   0
405;U VUL      ;V* U Vul                 ;cC*;19 36 37.7280897633 +20 19 58.569232928;     ~; 8.368; 7.162;     ~; 5.556;F8Iab          ; 205;   0
406;UY ERI     ;V* UY Eri                ;WV*;03 13 39.1354210890 -10 26 32.406314827;     ~;11.96 ;11.46 ;     ~;     ~;F              ;  69;   0
407;UY CAR     ;V* UY Car                ;cC*;10 32 04.4218470294 -61 46 57.459557743;     ~; 9.683; 9.347; 9.47 ; 8.010;G              ;  60;   0
408;UX PER     ;V* UX Per                ;cC*;02 13 07.4859156425 +58 04 47.824653665;     ~;12.14 ;11.26 ;     ~;     ~;F5             ;  71;   0
409;UX NOR     ;V* UX Nor                ;WV*;16 27 44.6961310109 -56 47 08.159649157;     ~;13.55 ;     ~;12.05 ;     ~;~              ;  14;   0
410;UX MUS     ;V* UX Mus                ;cC*;12 17 33.6304818299 -65 45 14.371287617;     ~;15.22 ;14.37 ;13.79 ;     ~;~              ;   8;   0
411;UX CAR     ;V* UX Car                ;cC*;10 29 11.2428716500 -57 36 48.245099584; 9.81 ; 9.36 ; 8.62 ;     ~; 7.559;F2II           ; 116;   0
412;UZ CAS     ;V* UZ Cas                ;cC*;01 12 41.1652799561 +61 12 48.086875357;     ~;12.15 ;11.45 ;     ~;     ~;G2             ;  62;   0
413;UZ CAR     ;V* UZ Car                ;cC*;10 36 17.8234987618 -61 00 45.249317618;     ~;10.22 ; 9.38 ;     ~; 8.373;G0             ;  64;   0
414;UY PER     ;V* UY Per                ;cC*;02 34 31.3000705518 +58 49 53.839204521;     ~;12.46 ;11.18 ;     ~; 9.431;F7             ; 106;   0
415;UY MON     ;V* UY Mon                ;cC*;06 58 50.3176103311 +09 37 21.838154223;     ~; 9.89 ; 9.37 ;     ~;     ~;F8II           ;  66;   0
416;UZ SCT     ;V* UZ Sct                ;cC*;18 31 22.3666774568 -12 55 43.338736715;     ~;13.23 ;10.91 ;     ~; 9.195;G0             ;  73;   0
417;UZ CEN     ;V* UZ Cen                ;Ce*;11 40 58.5377419239 -62 41 32.931890679;     ~; 9.60 ; 8.30 ;     ~; 7.909;F3Ib/II        ; 103;   1
418;V CAR      ;V* V Car                 ;cC*;08 28 43.6942334868 -60 07 21.267286180;     ~; 8.14 ; 7.31 ;     ~; 6.432;F8Ib/II        ; 119;   0
419;V LAC      ;V* V Lac                 ;cC*;22 48 37.9957086435 +56 19 17.540249050;     ~; 9.72 ; 8.89 ;     ~; 7.883;G5             ; 145;   0
420;V1004 SGR  ;V* V1004 Sgr             ;WV*;18 01 03.9 -31 23 46                   ;     ~;13.40 ;     ~;     ~;     ~;~              ;  13;   0
421;V VEL      ;V* V Vel                 ;cC*;09 22 16.1681614743 -55 57 37.150827133;     ~; 8.29 ; 7.57 ;     ~; 6.695;F8II           ; 118;   0
422;V1077 SGR  ;V* V1077 Sgr             ;WV*;19 06 26.9465255638 -19 36 35.279787187;     ~;13.00 ;12.62 ;13.32 ;     ~;~              ;  11;   0
423;V1077 CYG  ;V* V1077 Cyg             ;WV*;21 29 23.1143885680 +49 06 36.113192821;     ~;13.78 ;     ~;     ~;     ~;~              ;   6;   0
424;V1046 CYG  ;V* V1046 Cyg             ;Ce*;20 16 47.4956538134 +36 32 59.858274805;     ~;     ~;     ~;     ~;     ~;~              ;  20;   0
425;V1033 CYG  ;V* V1033 Cyg             ;Ce*;20 05 20.6649447517 +32 39 32.808489230;     ~;     ~;     ~;12.59 ;     ~;~              ;  26;   0
426;V1025 CYG  ;V* V1025 Cyg             ;cC*;20 00 46.3581923744 +30 54 27.422396043;     ~;14.70 ;     ~;     ~;     ~;~              ;  17;   0
427;V1020 CYG  ;V* V1020 Cyg             ;cC*;19 59 09.0214242639 +32 41 43.596104803;     ~;15.60 ;     ~;     ~;     ~;~              ;  23;   0
428;V1154 CYG  ;V* V1154 Cyg             ;Ce*;19 48 15.4663192383 +43 07 36.959329251;     ~; 9.92 ; 9.14 ;     ~; 8.120;G0             ;  76;   0
429;V1336 CYG  ;V* V1336 Cyg             ;Ce*;21 23 48.4546077020 +45 29 22.856776979;     ~;     ~;     ~;     ~;     ~;~              ;   9;   0
430;V1334 CYG  ;V* V1334 Cyg             ;cC*;21 19 22.1772463169 +38 14 14.867388528;     ~; 6.364; 5.882;     ~;     ~;F1II+B7.0V     ; 169;   1
431;V1290 SGR  ;V* V1290 Sgr             ;WV*;18 21 37.2807902353 -32 38 01.110413097;     ~;12.50 ;     ~;     ~;     ~;~              ;  21;   0
432;V1185 SGR  ;V* V1185 Sgr             ;WV*;18 19 45.7968160716 -27 09 33.156385543;     ~;     ~;     ~;     ~;11.535;~              ;  12;   0
433;V1183 AQL  ;V* V1183 Aql             ;cC*;18 55 57.9440013814 +12 00 13.421798014;     ~;     ~;     ~;     ~;     ~;~              ;   2;   0
434;V1162 AQL  ;V* V1162 Aql             ;cC*;19 52 20.9909064920 -11 22 00.757174772;     ~; 8.73 ; 7.81 ;     ~;     ~;G2Ib           ;  71;   0
435;V1364 CYG  ;V* V1364 Cyg             ;cC*;20 07 29.4353798684 +35 20 46.917591140;     ~;15.24 ;     ~;     ~;     ~;~              ;  27;   0
436;V1359 AQL  ;V* V1359 Aql             ;cC*;20 03 39.9669802262 -03 22 38.842814643;     ~;10.25 ; 9.060;     ~; 7.548;G5             ;  24;   0
437;V1344 AQL  ;V* V1344 Aql             ;cC*;19 11 59.1731916622 +04 21 17.479593593;     ~; 9.01 ; 7.78 ;     ~; 6.316;G0Ib           ;  50;   0
438;V1711 SGR  ;V* V1711 Sgr             ;WV*;20 01 07.9860335196 -30 30 38.908194700;     ~;11.26 ;10.67 ;     ~;     ~;F6CH+2         ;  34;   0
439;V1496 AQL  ;V* V1496 Aql             ;cC*;18 54 59.5332015184 -00 04 36.365559834;     ~;12.2  ;     ~;     ~;     ~;~              ;  13;   0
440;V1467 CYG  ;V* V1467 Cyg             ;cC*;20 04 02.1690352240 +32 27 02.534627496;     ~;15.98 ;     ~;     ~;     ~;~              ;  25;   0
441;V335 AUR   ;V* V335 Aur              ;cC*;05 42 29.2584824196 +37 38 46.817355337;     ~;13.62 ;     ~;     ~;     ~;~              ;  32;   0
442;V2338 OPH  ;V* V2338 Oph             ;WV*;18 05 28.9192873994 +07 54 20.938145655;     ~;13    ;     ~;     ~;     ~;~              ;  14;   0
443;V2201 CYG  ;V* V2201 Cyg             ;cC*;21 04 16.8273810585 +49 44 39.865749222;     ~;13.4  ;     ~;     ~;     ~;~              ;   5;   0
444;V1996 SGR  ;V* V1996 Sgr             ;cC*;18 30 36.0421606287 -24 37 21.219262055;     ~;     ~;     ~;     ~;     ~;~              ;   7;   0
445;V1833 SGR  ;V* V1833 Sgr             ;WV*;18 15 51.6982994801 -31 07 02.968566745;     ~;     ~;     ~;     ~;     ~;~              ;   6;   0
446;V1828 SGR  ;V* V1828 Sgr             ;cC*;18 13 32.9225659811 -26 23 36.629004214;     ~;12.60 ;12.971;     ~;11.839;~              ;  16;   0
447;V1726 CYG  ;V* V1726 Cyg             ;cC*;21 29 38.9420420958 +48 58 08.704046445;     ~; 9.76 ; 8.91 ;     ~;     ~;F5             ;  65;   1
448;V339 CEN   ;V* V339 Cen              ;cC*;14 21 48.5455617856 -61 32 58.662312019;     ~; 9.68 ; 8.57 ;     ~;     ~;F7II           ;  83;   0
449;V336 ORI   ;V* V336 Ori              ;cC*;05 57 34.3995273288 +19 49 11.676999844;     ~;     ~;     ~;     ~;     ~;~              ;   7;   0
450;V336 AQL   ;V* V336 Aql              ;cC*;19 01 19.7300111005 +00 08 49.232823279;     ~;11.4  ; 9.87 ;     ~;     ~;G0             ;  72;   0
451;V335 PUP   ;V* V335 Pup              ;cC*;07 56 57.7031283196 -22 49 31.571769531;     ~; 9.58 ; 9.18 ; 9.16 ;     ~;F3II           ;  42;   0
452;V347 CYG   ;V* V347 Cyg              ;cC*;20 51 26.5747652573 +46 07 15.775272660;     ~;14.21 ;     ~;     ~;     ~;~              ;  21;   0
453;V347 CRA   ;V* V347 CrA              ;WV*;18 12 19.8 -39 14 22                   ;     ~;12.95 ;     ~;     ~;     ~;~              ;   8;   0
454;V343 CYG   ;V* V343 Cyg              ;WV*;20 04 04.4823350888 +39 06 15.201428550;     ~;14.30 ;     ~;     ~;11.429;F6             ;  30;   0
455;V342 CAS   ;V* V342 Cas              ;cC*;23 01 21.1292415447 +57 52 01.296765049;     ~;13.32 ;     ~;     ~;     ~;F8             ;  23;   0
456;V341 ARA   ;V* V341 Ara              ;Ce*;16 57 41.5112067061 -63 12 38.438008807;     ~;10.67 ;10.65 ;     ~;10.587;OB             ;  22;   0
457;V340 NOR   ;V* V340 Nor              ;cC*;16 13 17.682 -54 14 05.06              ;     ~; 9.35 ; 8.25 ;     ~;     ~;G0Ib           ; 129;   0
458;V356 CYG   ;V* V356 Cyg              ;cC*;21 07 46.6001190547 +46 44 13.176298039;     ~;13.74 ;     ~;     ~;     ~;~              ;  21;   0
459;V351 CEP   ;V* V351 Cep              ;WV*;22 33 41.3492781069 +57 19 05.897787371;     ~;10.39 ; 9.50 ;     ~;     ~;F8Ib           ;  43;   0
460;V350 SGR   ;V* V350 Sgr              ;cC*;18 45 17.4962010593 -20 38 50.571706956;     ~; 8.33 ; 7.47 ;     ~; 6.421;F8Ib/II        ; 188;   0
461;V377 SGR   ;V* V377 Sgr              ;WV*;18 48 09.7930749021 -20 07 35.615661401;     ~;13.72 ;     ~;     ~;     ~;~              ;  16;   0
462;V371 PER   ;V* V371 Per              ;Ce*;02 55 31.1849192790 +42 35 19.728716948;     ~;11.52 ;10.95 ;     ~;     ~;~              ;  14;   0
463;V379 CAS   ;V* V379 Cas              ;cC*;00 26 35.9583681261 +60 47 53.431224644;     ~;10.18 ; 9.16 ;     ~;     ~;F6             ;  36;   0
464;V378 CEN   ;V* V378 Cen              ;cC*;13 18 58.2834991005 -62 22 56.405747277; 9.9  ; 9.63 ; 8.54 ; 8.93 ;     ~;F5Iab/b        ;  98;   0
465;V386 CYG   ;V* V386 Cyg              ;cC*;21 14 40.4339518156 +41 42 58.844202279;     ~;11.12 ; 9.75 ;     ~; 7.750;F5.5-G0Ib      ; 107;   1
466;V383 SGR   ;V* V383 Sgr              ;WV*;18 51 14.0408098773 -32 15 19.151307135;     ~;12.80 ;     ~;     ~;     ~;~              ;   8;   0
467;V383 CYG   ;V* V383 Cyg              ;WV*;20 28 58.1571546887 +34 08 06.363774623;     ~;12.11 ;11.04 ;     ~;     ~;~              ;  32;   0
468;V3820 SGR  ;V* V3820 Sgr             ;Ce*;18 26 22.3316381613 -24 14 16.464770156;     ~;     ~;     ~;     ~;     ~;~              ;   6;   0
469;V382 CAR   ;* x Car                  ;cC*;11 08 35.3899998 -58 58 30.135741      ; 6.07 ; 5.09 ; 3.83 ; 2.86 ; 2.27 ;G5_0-Ia        ; 140;   0
470;V381 CEN   ;V* V381 Cen              ;WV*;13 50 44.2885902274 -57 34 49.806710792;     ~; 8.44 ; 7.69 ;     ~;     ~;F8Ib/II        ;  94;   0
471;V396 CYG   ;V* V396 Cyg              ;cC*;20 16 12.6791646844 +42 06 31.383618441;     ~;13.90 ;11.18 ;     ~;     ~;~              ;  41;   0
472;V395 CAS   ;V* V395 Cas              ;cC*;02 10 29.1716844896 +63 17 51.112894946;     ~;11.54 ;10.59 ;     ~; 9.452;~              ;  23;   0
473;V407 CAS   ;V* V407 Cas              ;cC*;23 54 24.5759999716 +62 08 58.092349636;     ~;13.34 ;     ~;     ~;     ~;~              ;  21;   0
474;V4061 SGR  ;V* V4061 Sgr             ;Ce*;18 56 17.5356782191 -27 31 25.604516266;     ~; 9.376; 9.221;10.94 ; 9.59 ;~              ;  10;   0
475;V399 CEN   ;V* V399 Cen              ;Al*;13 22 00.8696463740 -59 46 06.596851782;     ~;     ~;     ~;     ~;     ~;~              ;   4;   0
476;V397 CAR   ;V* V397 Car              ;cC*;10 00 03.6928250252 -66 16 34.475151549;     ~; 9.07 ; 8.29 ;     ~;     ~;F8Ib/II        ;  37;   0
477;V435 PER   ;V* V435 Per              ;Ce*;04 42 50.2636196562 +46 42 04.347090690;     ~;11.80 ;     ~;12.060;     ~;~              ;   2;   0
478;V432 ORI   ;V* V432 Ori              ;cC*;05 18 47.9780159274 +13 59 12.046237164;     ~;     ~;     ~;     ~;     ~;F7             ;   7;   0
479;V420 CEN   ;V* V420 Cen              ;WV*;11 39 50.3391720180 -47 57 51.219256179;     ~;10.34 ; 9.77 ;     ~;     ~;~              ;  24;   1
480;V419 CEN   ;V* V419 Cen              ;cC*;11 30 54.4295934697 -56 53 55.835019509;     ~; 8.90 ; 8.19 ;     ~;     ~;F7II           ;  90;   0
481;V470 SCO   ;V* V470 Sco              ;cC*;17 17 25.4654724020 -37 19 07.798432454;     ~;13.00 ;11.06 ;     ~; 8.237;~              ;  32;   0
482;V465 MON   ;V* V465 Mon              ;cC*;07 08 09.3121532568 -00 03 56.575387117;     ~;11.07 ;     ~;     ~;     ~;G0             ;  69;   0
483;V459 CYG   ;V* V459 Cyg              ;cC*;21 10 54.3730291825 +49 08 31.399601861;     ~;11.76 ;10.54 ;     ~; 8.845;F8             ;  64;   0
484;V458 SCT   ;V* V458 Sct              ;Ce*;18 22 27.0665392497 -10 07 29.180007556;     ~;10.74 ; 9.81 ;     ~;     ~;~              ;  17;   0
485;V449 CRA   ;V* V449 CrA              ;WV*;18 57 17.6853199754 -38 08 30.060370878;     ~;     ~;     ~;     ~;     ~;~              ;   5;   0
486;V447 MON   ;V* V447 Mon              ;Ce*;06 44 15.9969991189 +04 29 54.221423688;     ~;     ~;     ~;     ~;     ~;~              ;  21;   0
487;V446 SCO   ;V* V446 Sco              ;WV*;17 58 20.2105584757 -36 15 44.674419786;     ~;13.23 ;13.040;     ~;11.868;~              ;  12;   0
488;V446 MON   ;V* V446 Mon              ;Ce*;06 43 17.3933331602 +01 09 39.286020078;     ~;     ~;     ~;     ~;     ~;~              ;  21;   0
489;V440 PER   ;V* V440 Per              ;cC*;02 23 51.7443033534 +55 21 53.502365644; 7.76 ; 7.120; 6.291;     ~;     ~;F8Ib-II        ; 166;   0
490;V438 CYG   ;V* V438 Cyg              ;cC*;20 18 54.3161449398 +40 03 52.176873589;     ~;12.65 ;10.78 ;     ~;     ~;~              ;  40;   0
491;V482 SCO   ;V* V482 Sco              ;cC*;17 30 48.3803954756 -33 36 35.658894044;     ~; 8.78 ; 7.91 ;     ~; 6.831;F8/G0II        ; 139;   0
492;V478 OPH   ;V* V478 Oph              ;WV*;17 59 38.9855946531 +00 47 09.017507541;     ~;     ~;     ~;     ~;     ~;~              ;  25;   0
493;V477 OPH   ;V* V477 Oph              ;WV*;17 59 08.1631228176 +05 38 26.222480100;     ~;13.70 ;     ~;     ~;     ~;~              ;  23;   0
494;V473 LYR   ;V* V473 Lyr              ;cC*;19 15 59.4894683081 +27 55 34.683764506; 7.18 ; 6.770; 6.153;     ~;     ~;F8Ib-II        ; 202;   0
495;V495 MON   ;V* V495 Mon              ;cC*;06 37 03.3837974248 -02 49 26.756611872;     ~;13.69 ;     ~;     ~;     ~;~              ;  37;   0
496;V495 CYG   ;V* V495 Cyg              ;cC*;20 15 58.3271220096 +35 00 53.004621313;     ~;12.01 ;10.75 ;     ~;     ~;~              ;  39;   0
497;V493 AQL   ;V* V493 Aql              ;cC*;18 57 24.2673850373 -00 43 48.825913288;     ~;12.18 ;11.01 ;10.63 ;     ~;~              ;  36;   0
498;V492 CYG   ;V* V492 Cyg              ;cC*;20 11 13.5936752782 +35 24 48.813316908;     ~;14.07 ;     ~;     ~;     ~;~              ;  25;   0
499;V484 MON   ;V* V484 Mon              ;Ce*;06 31 05.4422248659 -02 08 48.456914326;     ~;     ~;13.67 ;     ~;     ~;~              ;  23;   0
500;V520 CYG   ;V* V520 Cyg              ;cC*;20 54 57.5309571381 +47 32 01.690667585;     ~;12.10 ;10.89 ;     ~;     ~;G0             ;  41;   0
501;V514 CYG   ;V* V514 Cyg              ;cC*;20 46 12.5502233584 +45 28 43.015825654;     ~;12.57 ;11.84 ;     ~;     ~;K3             ;  29;   0
502;V510 MON   ;V* V510 Mon              ;cC*;06 47 26.9330231896 +02 31 01.444805612;     ~;14.13 ;     ~;     ~;     ~;~              ;  32;   0
503;V507 SCO   ;V* V507 Sco              ;Ce*;17 24 22.4067657307 -44 16 50.328352334;     ~;     ~;     ~;     ~;     ~;~              ;   5;   0
504;V504 MON   ;V* V504 Mon              ;Ce*;06 44 43.9472470372 -03 57 08.639906289;     ~;12.77 ;11.77 ;11.48 ;     ~;~              ;  30;   0
505;V500 SCO   ;V* V500 Sco              ;cC*;17 48 37.5007852193 -30 28 33.460678490;     ~;10.07 ; 8.81 ;     ~; 7.191;K0             ; 108;   0
506;V496 CEN   ;V* V496 Cen              ;cC*;13 03 10.6844889115 -60 52 38.874979399;     ~;11.03 ;10.00 ;     ~; 8.544;G5             ;  58;   0
507;V496 AQL   ;V* V496 Aql              ;cC*;19 08 20.7712150568 -07 26 15.882592498;     ~; 8.88 ; 7.79 ;     ~;     ~;F8/G0Iab/b     ; 156;   0
508;V542 SCO   ;V* V542 Sco              ;WV*;17 47 40.6814972947 -41 33 43.485501452;     ~;13.30 ;     ~;     ~;     ~;~              ;   3;   0
509;V541 OPH   ;V* V541 Oph              ;WV*;17 37 35.3984821699 -23 49 05.223070336;     ~;     ~;13.1  ;     ~;     ~;~              ;  12;   0
510;V532 SGR   ;V* V532 Sgr              ;WV*;17 58 50.8608472875 -35 05 31.194572670;     ~;     ~;     ~;     ~;     ~;~              ;   4;   0
511;V532 CYG   ;V* V532 Cyg              ;cC*;21 20 32.9004138272 +45 28 03.017255074;     ~;10.08 ; 9.11 ;     ~;     ~;F5             ; 100;   0
512;V526 MON   ;V* V526 Mon              ;cC*;07 01 53.6186125378 -01 07 51.452237915;     ~; 9.20 ; 8.67 ;     ~;     ~;F3III          ;  67;   0
513;V526 AQL   ;V* V526 Aql              ;Ce*;19 14 38.0977289730 +06 28 57.189984753;     ~;     ~;     ~;     ~;     ~;~              ;  18;   0
514;V600 AQL   ;V* V600 Aql              ;cC*;19 21 02.3456308417 +08 30 58.805711389;     ~;11.45 ;10.09 ;     ~; 8.204;F8v            ;  81;   0
515;V572 AQL   ;V* V572 Aql              ;WV*;20 02 32.6874210410 +00 42 50.052434145;     ~;11.70 ;11.01 ;     ~;     ~;~              ;  24;   0
516;V567 SCO   ;V* V567 Sco              ;Ce*;16 49 50.7412065682 -40 55 06.476018133;     ~;12.20 ;     ~;     ~;     ~;~              ;   7;   0
517;V558 OPH   ;V* V558 Oph              ;RR*;17 45 42.9962541885 +02 27 46.164109177;     ~;13.31 ;     ~;     ~;     ~;~              ;  11;   0
518;V556 CAS   ;V* V556 Cas              ;RR*;01 23 51.7525087730 +62 31 20.016263745;     ~;     ~;     ~;     ~;     ~;~              ;  13;   0
519;V555 SCO   ;V* V555 Sco              ;WV*;17 54 18.6931805783 -41 42 50.419970888;     ~;14.20 ;     ~;     ~;     ~;~              ;   6;   0
520;V554 OPH   ;V* V554 Oph              ;WV*;17 42 51.3452733116 -21 30 11.567351128;     ~;12.60 ;13.518;     ~;11.619;~              ;  20;   0
521;V554 CYG   ;V* V554 Cyg              ;cC*;20 07 21.1948580875 +40 10 41.186365816;     ~;15.33 ;     ~;     ~;     ~;~              ;  17;   0
522;V553 CEN   ;V* V553 Cen              ;cC*;14 46 33.6357510124 -32 10 15.268785469;     ~; 9.19 ; 8.49 ;     ~;     ~;G3Ib/II        ;  94;   0
523;V553 CAS   ;V* V553 Cas              ;Or*;01 08 10.9929707725 +62 16 11.691825162;     ~;     ~;     ~;13.27 ;     ~;~              ;   8;   0
524;V549 SCO   ;V* V549 Sco              ;WV*;17 51 00.5660325010 -40 25 22.664128331;     ~;14.10 ;     ~;     ~;     ~;~              ;   8;   0
525;V547 CYG   ;V* V547 Cyg              ;cC*;19 57 46.1005308133 +35 38 09.867682315;     ~;14.92 ;     ~;     ~;11.519;~              ;  33;   0
526;V641 CEN   ;V* V641 Cen              ;cC*;14 39 07.8523851092 -59 50 09.310180254;     ~;12.15 ;10.38 ;     ~;     ~;~              ;  15;   0
527;V636 SCO   ;V* V636 Sco              ;cC*;17 22 46.4807689518 -45 36 51.402120969;     ~; 7.67 ; 6.74 ;     ~; 5.654;F7/8Ib/II      ; 137;   1
528;V636 CAS   ;V* V636 Cas              ;cC*;01 32 43.2247655304 +63 35 37.698927235;     ~; 8.486; 7.176;     ~;     ~;G0Ib           ;  91;   0
529;V626 SGR   ;V* V626 Sgr              ;WV*;18 08 34.7603973078 -34 56 42.699421606;     ~;12.12 ;     ~;     ~;     ~;~              ;   7;   0
530;V621 CYG   ;V* V621 Cyg              ;cC*;21 32 40.4257415306 +49 12 45.046301527;     ~;12.89 ;11.74 ;11.38 ;     ~;~              ;  20;   0
531;V609 CYG   ;V* V609 Cyg              ;cC*;21 26 56.0224446742 +54 29 29.236730563;     ~;13.27 ;10.80 ;     ~; 8.703;~              ;  46;   1
532;V733 AQL   ;V* V733 Aql              ;cC*;19 57 33.0223467594 +11 02 37.241281216;     ~;10.96 ;10.09 ;     ~;     ~;K0             ;  57;   0
533;V708 SCO   ;V* V708 Sco              ;WV*;17 50 53.03 -34 35 09.4                ;     ~;     ~;14.231;     ~;12.375;~              ;   9;   0
534;V686 CEN   ;V* V686 Cen              ;LP*;11 31 37.4874738166 -61 03 21.436313266;     ~;     ~;     ~;     ~;     ~;M6             ;   8;   0
535;V659 CEN   ;V* V659 Cen              ;cC*;13 31 33.4103851030 -61 34 56.514647163; 7.57 ; 7.19 ; 6.49 ;     ~;     ~;F6/7Ib+B6V     ;  87;   1
536;V641 CYG   ;V* V641 Cyg              ;Ce*;21 39 09.9788412033 +46 43 31.687470343;     ~;     ~;     ~;     ~;     ~;~              ;   9;   0
537;V810 CEN   ;V* V810 Cen              ;LP*;11 43 31.1914404577 -62 29 21.826906299; 6.18 ; 5.83 ; 5.03 ; 4.27 ; 3.91 ;G0_0-IaFe1     ; 141;   0
538;V801 AQL   ;V* V801 Aql              ;WV*;18 58 58.2468528433 -06 30 45.661893624;     ~;     ~;     ~;     ~;     ~;~              ;  10;   0
539;V784 MON   ;V* V784 Mon              ;cC*;06 52 24.0013813401 +02 42 25.486687188;     ~;     ~;     ~;     ~;     ~;~              ;   5;   0
540;V782 CEN   ;V* V782 Cen              ;cC*;11 53 06.9373087858 -62 43 09.414507333;     ~;     ~;     ~;     ~;     ~;~              ;   7;   0
541;V775 OPH   ;V* V775 Oph              ;WV*;17 32 40.4102932262 +07 42 20.250411688;     ~;     ~;     ~;     ~;     ~;~              ;  12;   0
542;V773 SGR   ;V* V773 Sgr              ;cC*;17 54 17.6014567809 -26 45 29.567460467;     ~;14.64 ;     ~;     ~; 9.575;~              ;  33;   0
543;V765 AQL   ;V* V765 Aql              ;cC*;20 02 04.8345473147 -03 02 30.639055844;     ~;12.45 ;11.76 ;     ~;     ~;~              ;   5;   0
544;V742 CYG   ;V* V742 Cyg              ;WV*;20 02 32.7742855574 +37 46 34.740867053;     ~;     ~;     ~;     ~;     ~;~              ;  10;   0
545;V741 SGR   ;V* V741 Sgr              ;WV*;18 20 46.0559972210 -29 48 46.735814996;     ~;13.02 ;     ~;     ~;10.912;~              ;  11;   0
546;V738 SGR   ;V* V738 Sgr              ;WV*;18 10 54.3107860189 -31 55 20.571472710;     ~;     ~;     ~;     ~;     ~;~              ;   6;   0
547;V737 CEN   ;V* V737 Cen              ;cC*;14 37 11.9678353635 -62 00 39.242308318;     ~; 7.74 ; 6.77 ;     ~; 5.701;G0/1Ib         ;  55;   0
548;V912 AQL   ;V* V912 Aql              ;cC*;18 48 16.3226913842 +00 49 03.588773154;     ~;13.41 ;11.34 ;10.74 ;     ~;G0             ;   8;   0
549;V898 CEN   ;V* V898 Cen              ;cC*;11 11 20.3723350870 -54 33 25.252579504;     ~; 8.55 ; 7.97 ;     ~;     ~;F3III          ;  30;   0
550;V833 OPH   ;V* V833 Oph              ;WV*;17 50 17.5468539606 +11 38 25.826873335;     ~;     ~;     ~;     ~;     ~;~              ;  11;   0
551;V824 CAS   ;V* V824 Cas              ;cC*;00 22 31.2848083030 +63 01 58.956744919;     ~;12.65 ;11.06 ;     ~;     ~;~              ;   5;   0
552;VV CRU     ;V* VV Cru                ;cC*;12 23 31.7920855123 -64 28 15.205385458;     ~;     ~;     ~;     ~;     ~;~              ;  14;   0
553;VV CAS     ;V* VV Cas                ;cC*;01 51 07.0215868262 +59 53 17.573530831;     ~;11.85 ;10.73 ;     ~;     ~;F6             ;  77;   0
554;V995 SGR   ;V* V995 Sgr              ;WV*;17 59 46.9956718049 -29 57 21.715714608;     ~;     ~;13.379;     ~;11.731;~              ;   5;   0
555;V979 AQL   ;V* V979 Aql              ;cC*;19 32 07.1760857190 +03 00 45.535380624;     ~;     ~;     ~;     ~;     ~;~              ;   7;   0
556;V950 SCO   ;V* V950 Sco              ;cC*;17 37 37.5618771448 -40 48 48.753152900;     ~; 7.99 ; 7.26 ;     ~;     ~;F6Ib/II        ;  59;   0
557;V924 CYG   ;V* V924 Cyg              ;cC*;19 38 11.5847182091 +32 29 22.446712810;     ~;11.48 ;10.75 ;     ~;     ~;F8I            ;  67;   0
558;V916 AQL   ;V* V916 Aql              ;cC*;19 10 00.4157042243 +12 32 11.607393085;     ~;12.22 ;10.86 ;     ~; 8.908;~              ;  42;   0
559;VW CAS     ;V* VW Cas                ;cC*;01 05 48.2241282083 +61 45 17.773204544;     ~;11.92 ;10.67 ;     ~;     ~;K0             ;  65;   0
560;VX CRU     ;V* VX Cru                ;cC*;12 34 23.3525361318 -61 14 15.446194849;     ~;12.75 ;     ~;     ~;     ~;~              ;  35;   0
561;VX CAP     ;V* VX Cap                ;WV*;21 06 22.5080775291 -18 49 39.978169121;     ~;13.80 ;14.78 ;     ~;     ~;~              ;  21;   0
562;VW PUP     ;V* VW Pup                ;cC*;07 31 49.0896193144 -20 08 58.800460904;     ~;12.12 ;11.15 ;     ~;     ~;F5             ;  63;   0
563;VW MON     ;V* VW Mon                ;RR*;06 27 22.9076808175 +08 58 24.023420255;     ~;     ~;     ~;     ~;     ~;~              ;  19;   0
564;VW CRU     ;V* VW Cru                ;cC*;12 33 18.6685381795 -63 30 22.910835765;     ~;11.10 ; 9.87 ;     ~; 7.985;K0             ;  51;   0
565;VW CEN     ;V* VW Cen                ;cC*;13 33 59.0299132697 -64 03 19.999430004;     ~;11.60 ;10.36 ;     ~; 8.785;~              ; 100;   0
566;VX PUP     ;V* VX Pup                ;Ce*;07 32 36.6488974993 -21 55 49.531917879;     ~; 9.87 ; 9.32 ; 8.97 ;     ~;F3IV           ; 124;   0
567;VX PER     ;V* VX Per                ;cC*;02 07 48.4806035107 +58 26 36.740590982;     ~;10.47 ; 9.37 ;     ~; 7.927;G2IV           ; 164;   0
568;VY PER     ;V* VY Per                ;cC*;02 27 35.4624890063 +58 55 01.756435189;     ~;12.48 ;11.32 ;     ~; 9.246;F7.5Ib         ;  90;   0
569;VY CYG     ;V* VY Cyg                ;cC*;21 04 16.6365398971 +39 58 20.104204896;11.74 ;10.66 ; 9.56 ;     ~; 8.090;F5.5-G0.5Ib    ; 119;   0
570;VY CMI     ;V* VY CMi                ;RR*;07 56 05.3072115961 +04 15 27.918576368;     ~;     ~;14.60 ;     ~;     ~;~              ;  10;   0
571;VY CEN     ;V* VY Cen                ;LP*;11 31 14.4509519819 -51 26 22.482490362;     ~;11.56 ;10.17 ;     ~;     ~;~              ;   0;   0
572;VY CAR     ;V* VY Car                ;cC*;10 44 32.6908129391 -57 33 55.326019898; 8.12 ; 7.70 ; 6.87 ;     ~; 6.299;F7Iab/b        ; 189;   0
573;VZ CMA     ;V* VZ CMa                ;cC*;07 26 28.2447083234 -25 55 36.415556319;     ~;10.33 ; 9.46 ; 9.56 ;     ~;F5II           ;  70;   0
574;VY SGR     ;V* VY Sgr                ;cC*;18 12 04.5660706883 -20 42 14.465377948;     ~;12.70 ;11.36 ;     ~;     ~;F6             ;  62;   0
575;VZ MON     ;V* VZ Mon                ;cC*;06 31 14.5471337561 +11 51 01.243898963;     ~;15.20 ;     ~;     ~;     ~;~              ;  22;   0
576;VZ CYG     ;V* VZ Cyg                ;cC*;21 51 41.4415144699 +43 08 02.538005456;     ~;10.02 ; 8.60 ;     ~; 7.948;G0             ; 149;   0
577;W GEM      ;V* W Gem                 ;cC*;06 34 57.4524314200 +15 19 49.698631280; 7.79 ; 7.25 ; 6.54 ;     ~; 5.908;F5-G1          ; 197;   0
578;VZ PUP     ;V* VZ Pup                ;cC*;07 38 35.23836 -28 29 58.5972          ;     ~; 9.73 ; 8.98 ;     ~;     ~;F7.5           ; 123;   0
579;WY SCO     ;V* WY Sco                ;Ce*;16 33 20.4090209759 -26 11 14.915016729;     ~;     ~;     ~;     ~;     ~;~              ;  12;   0
580;WY PUP     ;V* WY Pup                ;cC*;07 58 05.1408749359 -24 02 30.359873208;     ~;11.61 ;10.87 ;     ~;     ~;F7             ;  56;   0
581;WX PUP     ;V* WX Pup                ;cC*;07 41 59.0037016642 -25 52 34.251072461;     ~; 9.99 ; 9.09 ;     ~; 7.944;G0             ;  93;   0
582;WW PUP     ;V* WW Pup                ;cC*;07 41 54.8903717229 -21 07 59.053273725;     ~;11.36 ;10.53 ;     ~;     ~;F5             ;  66;   0
583;WW MON     ;V* WW Mon                ;cC*;06 33 37.1817036531 +09 12 12.840769070;     ~;13.65 ;     ~;     ~;     ~;F6             ;  54;   0
584;WW CMA     ;V* WW CMa                ;EB*;06 19 50.9044036280 -21 39 07.034385915;     ~; 9.85 ; 9.282;     ~;     ~;G0V+G6V        ;  11;   0
585;WW CAR     ;V* WW Car                ;cC*;10 51 35.7677510149 -59 23 06.013618803;     ~;10.55 ; 9.68 ;     ~;     ~;F9II+?         ;  60;   1
586;W VIR      ;V* W Vir                 ;WV*;13 26 01.9928122043 -03 22 43.429880244;     ~;10.33 ; 9.46 ; 9.29 ; 9.393;F2Ibe          ; 279;   0
587;X CRU      ;V* X Cru                 ;cC*;12 46 22.2789674072 -59 07 29.014282694;     ~; 8.97 ; 8.10 ;     ~;     ~;G0/2Ib         ;  76;   0
588;WZ SGR     ;V* WZ Sgr                ;cC*;18 16 59.7158915244 -19 04 32.989119557;     ~; 9.10 ; 7.45 ;     ~;     ~;F7(III)        ; 224;   0
589;WZ PUP     ;V* WZ Pup                ;cC*;08 00 22.9113343060 -23 42 11.438413538;     ~;10.53 ;10.30 ;     ~; 9.413;G0             ;  63;   0
590;WZ CAR     ;V* WZ Car                ;cC*;10 55 18.7272542108 -60 56 23.951208594;     ~;10.40 ; 9.37 ;     ~;     ~;F8             ; 125;   0
591;X CYG      ;V* X Cyg                 ;cC*;20 43 24.1918662954 +35 35 16.075732392; 8.69 ; 7.70 ; 6.47 ;     ~; 5.241;F7Ib           ; 432;   0
592;X LAC      ;V* X Lac                 ;cC*;22 49 03.1806947647 +56 25 41.530855473;     ~; 9.21 ; 8.42 ;     ~;     ~;G5             ; 151;   0
593;X SCT      ;V* X Sct                 ;cC*;18 31 19.7479880040 -13 06 29.431188900;     ~;11.58 ;10.07 ; 9.99 ; 8.638;G5III          ;  83;   0
594;X PUP      ;V* X Pup                 ;cC*;07 32 47.0329487912 -20 54 34.881653031;     ~; 9.56 ; 8.46 ;     ~; 7.143;K0             ; 159;   0
595;X VUL      ;V* X Vul                 ;cC*;19 57 28.6055727685 +26 33 23.281913956;     ~;10.16 ; 8.87 ;     ~; 7.147;F8Ia           ; 147;   0
596;XX CAR     ;V* XX Car                ;cC*;10 57 09.2151822886 -65 08 05.117664936;     ~;10.46 ; 9.42 ; 8.8  ; 8.708;G0             ;  87;   0
597;XX SGR     ;V* XX Sgr                ;Ce*;18 24 44.5007279272 -16 47 49.819587940;     ~; 9.59 ; 8.41 ;     ~;     ~;F7/8II         ; 100;   0
598;XX MON     ;V* XX Mon                ;cC*;06 52 12.1699029474 -02 48 25.053620849;     ~;12.81 ;11.52 ;     ~;     ~;F6             ;  63;   0
599;XX CEN     ;V* XX Cen                ;cC*;13 40 18.6446943543 -57 36 47.444003198;     ~; 8.72 ; 7.30 ;     ~; 6.747;F7/8II         ; 165;   0
600;XY CAS     ;V* XY Cas                ;cC*;00 49 53.2639168236 +60 07 38.578594168;     ~;11.00 ; 9.97 ;     ~;     ~;G0Ib           ; 100;   0
601;XY CAR     ;V* XY Car                ;cC*;11 02 16.0640304497 -64 15 46.464730450;     ~;10.69 ; 9.49 ;     ~;     ~;G5             ;  85;   0
602;XX VIR     ;V* XX Vir                ;WV*;14 16 48.5934767648 -06 17 15.063650684;     ~;12.38 ;11.65 ;     ~;     ~;F6             ;  61;   0
603;XX VEL     ;V* XX Vel                ;cC*;10 36 08.6021831442 -56 02 35.667174130;     ~;12.00 ;10.64 ;     ~;     ~;~              ;  50;   0
604;Y AUR      ;V* Y Aur                 ;cC*;05 28 39.2385752080 +42 26 15.843671650;     ~;10.53 ; 9.74 ;     ~;     ~;F5             ;  82;   0
605;XZ CMA     ;V* XZ CMa                ;Ce*;07 00 24.8328224100 -20 25 54.131989035;     ~;     ~;13.01 ;     ~;     ~;~              ;  24;   0
606;XZ CAR     ;V* XZ Car                ;cC*;11 04 13.4721581542 -60 58 47.731144433;11.38 ;10.11 ; 8.67 ;     ~;     ~;K5             ;  87;   0
607;Y COM      ;V* Y Com                 ;LP*;13 06 34.3654216278 +18 58 21.164107647;     ~;13.90 ;     ~;     ~;     ~;~              ;   2;   0
608;Y CAR      ;V* Y Car                 ;cC*;10 33 10.8510871240 -58 29 55.077771331;     ~; 8.75 ; 8.16 ;     ~;     ~;F0/3           ; 124;   0
609;Y LAC      ;V* Y Lac                 ;cC*;22 09 02.8999210254 +51 02 45.083169239;     ~; 9.79 ; 9.13 ;     ~; 8.292;F8             ; 152;   0
610;Y OPH      ;V* Y Oph                 ;cC*;17 52 38.7021149511 -06 08 36.875163136; 8.62 ; 7.61 ; 6.21 ;     ~;     ~;G3Ia           ; 336;   0
611;Y SCT      ;V* Y Sct                 ;cC*;18 38 03.3063888003 -08 22 08.162027440;     ~;11.2  ; 9.69 ;     ~;     ~;F7             ; 112;   0
612;YZ AUR     ;V* YZ Aur                ;cC*;05 15 21.9827122069 +40 04 40.883139360;     ~;11.77 ;10.24 ;     ~;     ~;G5             ;  90;   0
613;YY MON     ;V* YY Mon                ;cC*;06 54 11.4373499795 -07 39 51.771695708;     ~;14.85 ;     ~;     ~;     ~;~              ;  21;   0
614;YZ CAR     ;V* YZ Car                ;cC*;10 28 16.8451607919 -59 21 00.677571694; 9.79 ; 9.11 ; 8.24 ;     ~; 7.443;G5             ; 110;   0
615;YZ SGR     ;V* YZ Sgr                ;cC*;18 49 28.5888099835 -16 43 22.896473612; 8.49 ; 7.91 ; 7.02 ;     ~; 6.207;G2Ib           ; 149;   0
616;Z SCT      ;V* Z Sct                 ;cC*;18 42 57.2739188979 -05 49 15.250916925;     ~;10.89 ; 9.60 ;     ~; 8.077;G0-M0          ; 105;   0
617;Z LAC      ;V* Z Lac                 ;cC*;22 40 52.1456104219 +56 49 46.083960286;     ~; 9.71 ; 8.57 ;     ~; 7.164;F6Ib           ; 204;   0
618;X SGR      ;V* X Sgr                 ;cC*;17 47 33.6241002643 -27 49 50.848981593; 5.84 ; 5.34 ; 4.54 ;     ~; 3.661;F7II           ; 302;   0
619;BETA DOR   ;* bet Dor                ;cC*;05 33 37.5125319201 -62 29 23.323100433; 5.13 ; 4.58 ; 3.76 ; 3.55 ; 3.12 ;F8/G0Ib        ; 339;   0
620;W SGR      ;* gam01 Sgr              ;cC*;18 05 01.2265190155 -29 34 48.303215344; 5.99 ; 5.47 ; 4.69 ;     ~; 3.869;G0Ib/II        ; 322;   0
621;Y SGR      ;V* Y Sgr                 ;cC*;18 21 22.9864295 -18 51 36.001763      ; 7.31 ; 6.69 ; 5.75 ;     ~; 4.810;F8II           ; 265;   0
622;ZETA GEM   ;* zet Gem                ;cC*;07 04 06.5307903 +20 34 13.073871      ; 5.20 ; 4.58 ; 3.79 ;     ~; 3.082;G1Ib           ; 526;   0
623;DELTA CEP  ;* del Cep                ;cC*;22 29 10.2650184 +58 24 54.713856      ; 4.71 ; 4.35 ; 3.75 ;     ~; 3.219;F5Iab:+B7-8    ; 670;   0
624;FF AQL     ;HD 176155                ;cC*;18 58 14.7482217777 +17 21 39.295590199; 6.61 ; 6.18 ; 5.38 ;     ~;     ~;F6Ib           ; 337;   0
625;L CAR      ;* L Car                  ;*  ;10 22 58.1460612 -66 54 05.390302      ; 4.35 ; 4.86 ; 4.99 ;     ~;     ~;B8V            ;  99;   0
626;RT AUR     ;* 48 Aur                 ;cC*;06 28 34.0875086 +30 29 34.914168      ; 6.73 ; 6.23 ; 5.55 ;     ~; 4.777;F5.5-G0Ib      ; 355;   0
627;T VUL      ;V* T Vul                 ;cC*;20 51 28.2382502598 +28 15 01.816605372; 6.89 ; 6.49 ; 5.77 ;     ~; 5.061;F5Ib+A0.8V     ; 312;   0
628;AD GEM     ;V* AD Gem                ;cC*;06 43 07.5116892124 +20 56 20.801766765;     ~;10.42 ; 9.80 ;     ~; 9.044;F5             ;  89;   0
629;AK CEP     ;V* AK Cep                ;cC*;22 28 50.0878651135 +58 12 39.397509196;     ~;12.53 ;13.17 ;     ~; 9.656;F8             ;  69;   0
630;AW PER     ;V* AW Per                ;cC*;04 47 46.3148651549 +36 43 22.033445140;     ~; 8.46 ; 7.51 ;     ~; 6.200;F0+B6:         ; 198;   1
631;BG LAC     ;V* BG Lac                ;cC*;22 00 25.1468672171 +43 26 43.329596739;     ~; 9.33 ; 8.59 ;     ~; 7.793;G0.7           ; 132;   0
632;BK AUR     ;V* BK Aur                ;cC*;05 10 40.2294213078 +49 41 15.400106615;     ~;10.40 ; 9.42 ;     ~;     ~;F8             ;  68;   0
633;BR VUL     ;V* BR Vul                ;cC*;19 46 35.1881755029 +22 53 23.211261651;     ~;11.85 ;10.65 ;     ~; 9.019;~              ;  34;   0
634;FM CAS     ;V* FM Cas                ;cC*;00 14 28.2413359663 +56 15 10.573326187;     ~;10.15 ; 9.16 ;     ~; 7.984;F7.5Ib         ; 101;   0
635;LS PUP     ;V* LS Pup                ;Ce*;07 58 59.2197671330 -29 18 28.357057956;     ~;11.75 ;10.59 ; 9.88 ; 8.933;~              ;  72;   0
636;RS ORI     ;V* RS Ori                ;cC*;06 22 13.1927222060 +14 40 41.253685672;     ~; 9.34 ; 8.42 ;     ~; 7.270;F4Ib           ; 124;   0
637;SV PER     ;V* SV Per                ;cC*;04 49 47.9361288171 +42 17 22.964422403;     ~; 9.74 ; 8.86 ;     ~;     ~;F6-G1          ; 129;   0
638;SX PER     ;V* SX Per                ;cC*;04 17 06.0663076259 +41 43 54.615478803;     ~;     ~;     ~;     ~;     ~;G              ;  61;   0
639;TZ MON     ;V* TZ Mon                ;cC*;06 58 00.9347614861 -00 22 33.463317717;     ~;11.8  ;     ~;     ~;     ~;F6             ;  76;   0
640;U NOR      ;V* U Nor                 ;cC*;15 42 20.9180199642 -55 18 42.941765163;     ~;10.68 ; 9.22 ;     ~;     ~;F8Ib/II        ; 122;   0
641;V1954 SGR  ;V* V1954 Sgr             ;cC*;18 15 26.2657709713 -20 37 46.354337942;     ~;12.28 ;10.83 ;     ~;     ~;K              ;  30;   0
642;V340 ARA   ;V* V340 Ara              ;cC*;16 45 19.1122888146 -51 20 33.394152547;     ~;11.39 ;10.03 ;     ~;     ~;~              ;  60;   0
643;V402 CYG   ;V* V402 Cyg              ;cC*;20 09 07.7598168773 +37 09 07.085085598;     ~;10.9  ; 9.87 ;     ~; 8.674;G0III          ;  81;   0
644;V508 MON   ;V* V508 Mon              ;cC*;06 47 09.3999270974 +03 58 01.550964840;     ~;11.50 ;10.53 ;     ~;     ~;~              ;  60;   0
645;V538 CYG   ;V* V538 Cyg              ;cC*;21 37 28.1283118016 +51 45 44.944083633;     ~;11.65 ;10.50 ;     ~;     ~;~              ;  42;   0
646;VX CYG     ;V* VX Cyg                ;cC*;20 57 20.8298754013 +40 10 39.008480366;     ~;11.6  ;10.08 ;     ~; 8.187;F5e-G2I-II     ; 115;   1
647;CD CYG     ;V* CD Cyg                ;cC*;20 04 26.5612846895 +34 06 44.187255455;     ~; 9.35 ; 8.35 ;     ~;     ~;F8-G5Iab-Ib    ; 179;   0
648;S NOR      ;V* S Nor                 ;cC*;16 18 51.8313333962 -57 53 59.253617873; 8.15 ; 7.49 ; 6.49 ;     ~; 5.427;F8/G0Ib        ; 332;   1
649;CE CAS     ;V* CE Cas                ;** ;23 58 09.313 +61 12 49.26              ;     ~;     ~;10.63 ;     ~;     ~;F9Ib+F8Ib      ; 125;   0
650;V CEN      ;V* V Cen                 ;cC*;14 32 33.0828020969 -56 53 15.774776152; 8.44 ; 7.84 ; 6.93 ;     ~; 5.798;F5Ib/II        ; 231;   0
651;V367 SCT   ;V* V367 Sct              ;cC*;18 33 35.2353194475 -10 25 38.130057884;     ~;13.34 ;11.580;     ~;     ~;~              ; 150;   0
652;CF CAS     ;V* CF Cas                ;cC*;23 58 17.9757306390 +61 13 15.821709555;     ~;12.72 ;10.80 ;     ~; 9.700;F8Ibv          ; 214;   0
653;CV MON     ;V* CV Mon                ;cC*;06 37 04.8448658715 +03 03 50.276498200;     ~;11.32 ; 9.90 ;     ~; 8.631;~              ; 210;   1
654;TW NOR     ;V* TW Nor                ;cC*;16 04 55.2266686530 -51 57 12.652767620;     ~;13.67 ;11.17 ;     ~;     ~;~              ; 138;   0
================================================================================

<hr><p>
